"year","month","day","date","lon","lat","hauljoin","bot_depth","bot_temp","actual_area_swept","cpue_kg_km2"
2022,8,20,2022-08-20,-167.344555,60.665715,-22026,22,9.9,0.044556281,0.403983447361776
2022,8,20,2022-08-20,-168.0241,60.670495,-22025,26,9.4,0.044404652,3.69330672831306
2022,8,20,2022-08-20,-168.67883,60.66605,-22024,35,8.1,0.04318788,43.4381127297751
2022,8,19,2022-08-19,-170.060395,60.670395,-22023,48,4.3,0.047321286,0
2022,8,19,2022-08-19,-169.38777,60.66884,-22022,42,7.3,0.050990172,0
2022,8,19,2022-08-19,-169.439805,60.999665,-22021,39,7.6,0.043567359,27.0385909781678
2022,8,19,2022-08-19,-169.46998,61.326755,-22020,38,7.1,0.04277382,38.0139066372842
2022,8,19,2022-08-19,-166.73338,60.682975,-22019,19,11,0.045360546,168.207851819068
2022,8,19,2022-08-19,-166.70998,61.016565,-22018,15,10.2,0.036935028,1.1371319388197
2022,8,19,2022-08-19,-166.751865,61.334085,-22017,13,10.2,0.040153413,6.17631183680451
2022,8,18,2022-08-18,-170.24128,61.999875,-22016,44,0.6,0.04859952,1.72841213246551
2022,8,18,2022-08-18,-170.188225,61.658755,-22015,44,1,0.04858544,4.11645958130666
2022,8,18,2022-08-18,-170.15793,61.3246,-22014,45,3.1,0.048308876,0
2022,8,18,2022-08-18,-170.115145,60.986185,-22013,46,3.5,0.045964175,0
2022,8,17,2022-08-17,-170.74741,60.659335,-22012,57,1.3,0.05127009,0
2022,8,17,2022-08-17,-170.80126,60.995915,-22011,52,1.9,0.047595782,64.6906064070972
2022,8,17,2022-08-17,-170.855905,61.338255,-22010,47,2.3,0.045735437,0
2022,8,17,2022-08-17,-170.93239,61.662985,-22009,48,0.5,0.04805912,0
2022,8,19,2022-08-19,-166.73058,61.656945,-22007,19,10.2,0.042468225,2.44888972873248
2022,8,18,2022-08-18,-166.698285,61.992735,-22006,18,9.3,0.043617145,0
2022,8,18,2022-08-18,-167.41514,61.986085,-22005,23,9,0.04603465,0.34756428038445
2022,8,18,2022-08-18,-167.422495,61.68254,-22004,22,9.1,0.047729084,0
2022,8,18,2022-08-18,-167.38324,61.29893,-22003,22,9.1,0.04144128,1.15826538176427
2022,8,17,2022-08-17,-167.41167,60.99004,-22002,21,9.6,0.042223775,9.56806917429813
2022,8,17,2022-08-17,-168.05216,61.03059,-22001,26,8.8,0.046750361,1.62565589600474
2022,8,17,2022-08-17,-168.106955,61.32989,-22000,27,8.4,0.04458397,0
2022,8,16,2022-08-16,-170.977865,61.996715,-21999,47,0.2,0.047437362,0
2022,8,16,2022-08-16,-171.05191,62.335195,-21998,40,0.2,0.043099524,0
2022,8,15,2022-08-15,-171.704235,62.31962,-21997,44,-0.3,0.048111696,0
2022,8,15,2022-08-15,-171.60421,62.000225,-21996,49,0.1,0.04812175,0
2022,8,15,2022-08-15,-171.559255,61.672025,-21995,53,0.2,0.047413086,0
2022,8,15,2022-08-15,-171.51256,61.331085,-21994,53,1.6,0.047650578,0
2022,8,16,2022-08-16,-168.74834,61.01698,-21993,33,8,0.04475718,9.20522696023297
2022,8,16,2022-08-16,-168.767095,61.33809,-21992,31,7.9,0.044648604,0
2022,8,15,2022-08-15,-168.10485,61.67958,-21991,26,8.3,0.0459424,34.913282719231
2022,8,15,2022-08-15,-168.123685,62.000115,-21990,25,7.2,0.044130526,0
2022,8,15,2022-08-15,-168.83506,61.991995,-21989,33,4.6,0.042718597,141.390411300259
2022,8,15,2022-08-15,-168.797375,61.658665,-21988,33,6.1,0.041706378,36.1095849656376
2022,8,14,2022-08-14,-169.5082,61.67318,-21987,38,3.8,0.043384054,2.18974464673126
2022,8,14,2022-08-14,-169.55111,62.031705,-21986,38,1.6,0.042712803,0
2022,8,15,2022-08-15,-172.923725,61.32958,-21985,66,-0.5,0.050966956,28.4498057918154
2022,8,14,2022-08-14,-172.23197,61.34158,-21984,61,-0.1,0.021891897,0
2022,8,14,2022-08-14,-172.309445,61.661095,-21983,59,-0.3,0.05032204,0
2022,8,14,2022-08-14,-172.366005,61.998495,-21982,53,-0.6,0.043926125,0
2022,8,14,2022-08-14,-172.417795,62.325695,-21981,52,-0.5,0.044749056,0
2022,8,13,2022-08-13,-171.789965,62.671815,-21980,47,-1.4,0.04820816,0
2022,8,13,2022-08-13,-171.13945,62.981565,-21979,44,-1.3,0.046106964,0
2022,8,13,2022-08-13,-171.11828,63.263795,-21978,31,-1.4,0.02264168,0
2022,8,13,2022-08-13,-170.4893,62.94916,-21977,39,-1.5,0.030648897,0
2022,8,12,2022-08-12,-171.06394,62.66412,-21975,43,-1.2,0.04900392,0
2022,8,13,2022-08-13,-167.42937,62.357455,-21972,23,7.3,0.0443702,345.952914343411
2022,8,13,2022-08-13,-167.393235,62.65413,-21971,27,5.8,0.044160649,7.51800545322601
2022,8,13,2022-08-13,-166.75536,62.63388,-21970,22,9.4,0.038453056,0.36408029572474
2022,8,13,2022-08-13,-166.74467,62.321945,-21969,18,10.3,0.041149786,0.729043888587902
2022,8,13,2022-08-13,-167.45715,63.002495,-21968,31,3.9,0.04250842,9.50399944293389
2022,8,12,2022-08-12,-166.743765,63.00431,-21967,25,8.5,0.0453966,1.76224651185331
2022,8,12,2022-08-12,-165.997665,63.00918,-21966,17,9.4,0.039127445,11.6286662724847
2022,8,12,2022-08-12,-166.044755,63.33164,-21965,19,7.7,0.042053988,1.04627413694987
2022,8,12,2022-08-12,-165.300145,63.331575,-21964,11,8.9,0.041560722,2.11738381253338
2022,8,11,2022-08-11,-171.849185,63.00125,-21959,52,-1.2,0.05127445,3.86157238156626
2022,8,11,2022-08-11,-172.583205,62.99895,-21958,59,-1.7,0.053799175,2.56509509671849
2022,8,11,2022-08-11,-173.279055,63.00087,-21957,67,-1.6,0.054279,57.1860203762044
2022,8,11,2022-08-11,-174.02492,62.993045,-21956,72,-1.6,0.057515743,2.15593146384286
2022,8,10,2022-08-10,-173.43322,63.33898,-21955,69,-1.7,0.052499397,0
2022,8,10,2022-08-10,-172.627455,63.325925,-21954,61,-1.4,0.052963716,291.142713626816
2022,8,10,2022-08-10,-171.9903,63.29589,-21953,56,-1.6,0.02417937,0
2022,8,10,2022-08-10,-172.694685,63.66676,-21952,53,-0.7,0.04622657,294.203095752075
2022,8,9,2022-08-09,-172.077605,63.697055,-21951,36,-0.9,0.030845276,0
2022,8,9,2022-08-09,-172.042465,64.0026,-21950,51,-0.1,0.048013728,0
2022,8,9,2022-08-09,-171.332535,63.99876,-21949,26,5.5,0.045904644,0
2022,8,9,2022-08-09,-171.031235,63.699535,-21948,19,7.2,0.02493218,4307.68589028316
2022,8,8,2022-08-08,-170.55256,63.97803,-21947,27,4.2,0.044928244,0
2022,8,8,2022-08-08,-170.59913,64.31873,-21946,34,0.9,0.043516743,0
2022,8,8,2022-08-08,-171.348475,64.332535,-21945,44,0.8,0.018481159,105.296426484941
2022,8,11,2022-08-11,-166.05882,63.670615,-21944,23,5.2,0.043386518,1.61340442208338
2022,8,11,2022-08-11,-166.78848,63.66568,-21943,26,4.4,0.042836275,0
2022,8,11,2022-08-11,-166.76869,63.328655,-21942,23,5.7,0.041951448,35.2312034616779
2022,8,11,2022-08-11,-167.56633,63.32786,-21941,31,3.8,0.043836234,18.4778646815326
2022,8,10,2022-08-10,-168.27987,63.66443,-21937,28,2.5,0.042381192,0
2022,8,10,2022-08-10,-168.254575,63.34629,-21936,24,3.1,0.040806524,0
2022,8,10,2022-08-10,-168.20187,62.9865,-21935,36,1.7,0.041373342,0
2022,8,10,2022-08-10,-168.198525,62.664035,-21934,30,3.3,0.041922832,0
2022,8,9,2022-08-09,-168.16825,62.3406,-21923,27,4.7,0.04310449,38.2790748713185
2022,8,9,2022-08-09,-168.87414,62.33632,-21922,31,2.9,0.042138954,0
2022,8,9,2022-08-09,-169.586915,62.35028,-21921,32,1.5,0.042452876,0
2022,8,9,2022-08-09,-170.27695,62.333215,-21920,37,0.7,0.044207181,0
2022,8,9,2022-08-09,-170.301315,62.684015,-21919,39,-0.3,0.044469003,0
2022,8,8,2022-08-08,-169.601185,62.66045,-21918,36,0.5,0.0418864,0
2022,8,8,2022-08-08,-168.889095,62.665555,-21917,32,-0.1,0.043750274,0
2022,8,8,2022-08-08,-168.82471,62.86239,-21916,36,0.6,0.042045022,0
2022,8,8,2022-08-08,-170.648605,64.64899,-21911,46,0.9,0.031559,0
2022,8,7,2022-08-07,-169.88696,64.65893,-21910,45,0.8,0.047466153,0
2022,8,7,2022-08-07,-169.82796,64.32179,-21909,36,1.4,0.042620705,0
2022,8,7,2022-08-07,-169.784375,63.990815,-21908,33,2.2,0.02189935,6.75819145317099
2022,8,7,2022-08-07,-169.73702,63.662105,-21907,37,5.3,0.04357422,1856.14338019131
2022,8,6,2022-08-06,-169.001755,63.670525,-21906,33,4.6,0.043289592,0
2022,8,6,2022-08-06,-169.051885,64.00589,-21905,33,3,0.04548096,164.02468197681
2022,8,6,2022-08-06,-169.11643,64.31985,-21904,38,1.1,0.043472102,0
2022,8,6,2022-08-06,-169.136445,64.638305,-21903,42,1.8,0.048156758,0
2022,8,5,2022-08-05,-168.3688,64.664575,-21902,38,3.6,0.043493,0
2022,8,5,2022-08-05,-168.357535,64.994625,-21901,43,2.8,0.0498491,0
2022,8,5,2022-08-05,-169.116815,65.005145,-21900,46,1.5,0.050103551,0
2022,8,5,2022-08-05,-169.863215,65.003085,-21899,48,0.9,0.04789148,8.33133576160102
2022,8,7,2022-08-07,-167.53972,63.68443,-21898,25,4,0.044918862,0
2022,8,7,2022-08-07,-167.57013,64.013565,-21897,31,3.6,0.045953271,1.65385397701069
2022,8,7,2022-08-07,-168.29402,64.023125,-21896,33,3.5,0.044684633,35.2693956331699
2022,8,7,2022-08-07,-168.36378,64.33917,-21895,36,4.2,0.040675382,340.869570690203
2022,8,6,2022-08-06,-167.576195,64.344405,-21882,28,2.7,0.04321651,0
2022,8,6,2022-08-06,-166.8288,64.33481,-21881,26,4.4,0.046587904,1.37374714260594
2022,8,6,2022-08-06,-166.80728,64.00197,-21880,29,3.7,0.045820942,0
2022,8,6,2022-08-06,-166.04531,63.9939,-21879,19,5.9,0.042379636,0
2022,8,6,2022-08-06,-163.86013,63.670305,-21871,10,10.7,0.042772203,0.981946148530156
2022,8,6,2022-08-06,-164.62849,63.677525,-21870,8,10.9,0.043083508,0.348161064321875
2022,8,5,2022-08-05,-165.37059,63.67115,-21869,15,7.2,0.04218336,0.521532661219969
2022,8,5,2022-08-05,-165.31816,64.019425,-21868,15,8.8,0.041691232,2.06278384865192
2022,8,3,2022-08-03,-166.815735,64.658085,-21866,23,5.7,0.0466604,0
2022,8,3,2022-08-03,-166.03294,64.33846,-21865,21,7.4,0.050967552,2.15823589094489
2022,8,5,2022-08-05,-168.88522,65.221155,-21864,51,1.6,0.046515024,0
2022,8,4,2022-08-04,-168.42497,65.343345,-21863,51,2.2,0.046594614,4.85034600780253
2022,8,4,2022-08-04,-167.691295,65.32508,-21862,37,6.6,0.043539168,27.0101624358095
2022,8,4,2022-08-04,-167.59987,64.9887,-21861,30,4.8,0.045098504,17.0515633955397
2022,8,4,2022-08-04,-167.604155,64.690335,-21860,27,2.6,0.04389735,0
2022,8,5,2022-08-05,-163.06356,63.669345,-21855,11,10.1,0.042988896,0
2022,8,4,2022-08-04,-163.042885,63.991775,-21854,15,9.9,0.039137868,1.073129481657
2022,8,4,2022-08-04,-162.290175,63.99625,-21853,14,10.2,0.046821252,0.89702855446924
2022,8,4,2022-08-04,-161.52821,64.0007,-21852,14,9.7,0.044930688,2.93785841872708
2022,8,3,2022-08-03,-161.578445,64.32134,-21843,11,11,0.040375212,0.643959467011591
2022,8,3,2022-08-03,-162.289915,64.331225,-21842,15,11.6,0.04235274,2.59723455908638
2022,8,3,2022-08-03,-163.1278,64.24725,-21841,17,10.7,0.04351305,0
2022,8,3,2022-08-03,-163.7846,64.338045,-21840,15,11.2,0.045572787,0.219429195761058
2022,8,2,2022-08-02,-163.832905,63.996575,-21833,15,10.8,0.042110464,1.2348474716403
2022,8,2,2022-08-02,-164.55016,64.003325,-21832,16,10.2,0.044849545,0
2022,8,2,2022-08-02,-164.539405,64.321225,-21831,12,12,0.043572872,3.07530795766687
2022,8,2,2022-08-02,-165.31448,64.32042,-21830,21,11.4,0.048468203,3.30113332239695
2022,7,30,2022-07-30,-172.44624,62.65155,-21807,52,-1.2,0.048463668,0
2022,7,30,2022-07-30,-173.129855,62.661405,-21806,62,-1.5,0.052941376,0
2022,7,30,2022-07-30,-173.95076,62.65939,-21805,68,-1.5,0.052913784,2.75920542745535
2022,7,30,2022-07-30,-174.655465,62.662005,-21804,71,-1.6,0.05600727,0
2022,7,29,2022-07-29,-175.28957,62.330405,-21803,76,-1.6,0.055826878,81.6810855874835
2022,7,29,2022-07-29,-174.58062,62.326555,-21802,69,-1.5,0.05107995,0
2022,7,29,2022-07-29,-173.846355,62.33338,-21801,62,-1.3,0.05231109,0
2022,7,29,2022-07-29,-173.169555,62.33188,-21800,58,-1.3,0.056687763,0
2022,7,29,2022-07-29,-173.082955,62.00947,-21799,55,-0.9,0.05098856,0
2022,7,29,2022-07-29,-173.10262,61.675715,-21798,63,-1,0.049500224,0
2021,8,6,2021-08-06,-166.109065,63.67123,-21018,24,7.5,0.044396436,230.649144899829
2021,8,5,2021-08-05,-166.77645,63.680525,-21017,27,4.6,0.043763726,56.6679354495547
2021,8,5,2021-08-05,-166.823305,64.00184,-21016,30,3.2,0.042660852,0
2021,8,5,2021-08-05,-166.835115,64.3544,-21015,28,5.3,0.04157472,27.5407747785193
2021,8,5,2021-08-05,-166.85066,64.674045,-21014,23,10.1,0.04273479,1.28700761136301
2021,8,17,2021-08-17,-168.01277,60.692485,-20818,27,9.1,0.049346154,21.0756039872935
2021,8,16,2021-08-16,-168.05467,61.0056,-20817,28,9.1,0.04218093,344.23138607897
2021,8,16,2021-08-16,-168.7449,61.01409,-20816,33,8.4,0.046253529,125.179637644514
2021,8,16,2021-08-16,-169.427505,61.01061,-20815,39,7.8,0.045016483,14392.1727514786
2021,8,16,2021-08-16,-169.41532,61.32372,-20814,38,7.6,0.044208916,101.337024413808
2021,8,17,2021-08-17,-168.70247,60.66512,-20813,36,8.5,0.045807112,0
2021,8,16,2021-08-16,-169.368795,60.671735,-20812,41,7.7,0.04869736,205.349940941357
2021,8,16,2021-08-16,-170.054575,60.67186,-20811,48,4.5,0.049145958,0
2021,8,16,2021-08-16,-170.753935,60.67469,-20810,57,3.6,0.052007556,0
2021,8,16,2021-08-16,-170.805845,60.999635,-20809,52,3.5,0.049961025,9.3272706074385
2021,8,16,2021-08-16,-168.70062,61.320055,-20808,32,8.4,0.047545308,19.7706154306541
2021,8,15,2021-08-15,-168.003905,61.32454,-20807,27,9.2,0.045726999,256.522410316059
2021,8,15,2021-08-15,-167.358435,61.309525,-20806,21,10,0.041285412,282.908645794791
2021,8,15,2021-08-15,-167.319575,60.987575,-20805,20,10.1,0.04389183,249.932618439468
2021,8,15,2021-08-15,-166.741525,60.97929,-20804,18,10.5,0.042216068,2.93727023558897
2021,8,16,2021-08-16,-170.115065,60.99985,-20803,47,4.9,0.049452688,108.426866503192
2021,8,15,2021-08-15,-170.179565,61.327975,-20802,46,4.3,0.051409828,60.2997543582523
2021,8,15,2021-08-15,-170.839695,61.33833,-20801,48,2.7,0.050796988,4530.24891948318
2021,8,15,2021-08-15,-170.9271,61.661175,-20800,48,2,0.05051795,0
2021,8,15,2021-08-15,-170.2141,61.67021,-20799,45,3.2,0.05298423,6.49249786209972
2021,8,15,2021-08-15,-166.773825,61.366265,-20798,14,11,0.04221504,77.934309667834
2021,8,14,2021-08-14,-166.763915,61.657315,-20797,20,10.2,0.04052175,99.2059819726443
2021,8,14,2021-08-14,-167.37308,61.690615,-20796,22,9.7,0.045946824,207.848969060408
2021,8,14,2021-08-14,-167.39539,61.99786,-20795,23,8.9,0.044541826,1.61645820267898
2021,8,14,2021-08-14,-166.72792,61.99935,-20794,20,10.2,0.042325884,72.7687105129334
2021,8,13,2021-08-13,-166.71915,60.669965,-20787,19,10.8,0.043193085,46.7667451861797
2021,8,13,2021-08-13,-167.34596,60.653975,-20785,23,9.7,0.045765021,5507.91837285511
2021,8,14,2021-08-14,-169.467605,61.667485,-20784,38,5.1,0.042835855,6.41985551589901
2021,8,13,2021-08-13,-168.79037,61.66585,-20783,34,7.5,0.044008199,5689.82611626529
2021,8,13,2021-08-13,-168.09308,61.68086,-20782,26,8.1,0.044766344,0
2021,8,13,2021-08-13,-168.130655,61.999715,-20781,26,8.4,0.045812016,218.610767969696
2021,8,13,2021-08-13,-168.79878,61.99519,-20780,33,3.8,0.042753724,66.7778086418858
2021,8,12,2021-08-12,-169.5518,62.017705,-20779,39,1.8,0.042900044,0
2021,8,12,2021-08-12,-169.58511,62.31809,-20778,34,-0.3,0.044129344,0
2021,8,12,2021-08-12,-168.874705,62.32697,-20777,32,1.3,0.043781728,108.447067233162
2021,8,12,2021-08-12,-168.157475,62.341485,-20776,28,3.3,0.044813832,2.56617198011543
2021,8,12,2021-08-12,-167.47154,62.342515,-20775,24,8.7,0.04484972,2.14048159052052
2021,8,11,2021-08-11,-166.72109,62.33807,-20773,19,10.2,0.044944797,53.9550773808145
2021,8,11,2021-08-11,-166.763945,62.663465,-20772,23,9.6,0.0428582,0
2021,8,11,2021-08-11,-167.48342,62.662255,-20771,25,3,0.044062824,4.53897371625568
2021,8,11,2021-08-11,-168.18579,62.64567,-20770,32,1,0.042964314,0
2021,8,11,2021-08-11,-167.424855,62.9969,-20695,34,2,0.043406064,0
2021,8,10,2021-08-10,-166.75036,63.00235,-20694,26,8.9,0.0456318,2.5201723359587
2021,8,10,2021-08-10,-166.720785,63.326175,-20693,25,8.2,0.044426816,67.0766052647122
2021,8,10,2021-08-10,-166.034275,63.32333,-20692,21,9.4,0.046307763,207.092707112628
2021,8,10,2021-08-10,-166.024015,63.00607,-20691,19,9.8,0.04414392,18.2358068789541
2021,8,9,2021-08-09,-165.337685,63.3354,-20678,14,11.2,0.04438369,0
2021,8,9,2021-08-09,-164.56674,63.665845,-20677,8,11.9,0.043306035,0
2021,8,9,2021-08-09,-163.807805,63.66746,-20676,12,12.5,0.04142779,1.08622738504757
2021,8,9,2021-08-09,-163.057025,63.665455,-20675,13,11.7,0.039361168,0
2021,8,8,2021-08-08,-162.31459,63.998065,-20674,15,5.7,0.0417439,1.43733575444556
2021,8,8,2021-08-08,-161.567645,64.000315,-20673,16,4.7,0.041024928,0
2021,8,8,2021-08-08,-161.57037,64.307535,-20672,12,11.1,0.040903302,0.733437119575334
2021,8,8,2021-08-08,-162.26762,64.340615,-20671,16,6.3,0.040476384,0
2021,8,7,2021-08-07,-163.07422,64.02365,-20670,17,8.4,0.040229802,1.7400035923617
2021,8,7,2021-08-07,-163.16383,64.2493,-20669,18,7.7,0.036290719,0
2021,8,7,2021-08-07,-163.833165,64.332815,-20668,16,9.5,0.038247471,0
2021,8,7,2021-08-07,-163.84167,64.005645,-20667,17,8.1,0.040187055,5.10114513243133
2021,8,7,2021-08-07,-164.567845,64.000365,-20666,17,11.1,0.041155961,0
2021,8,6,2021-08-06,-164.56584,64.33082,-20665,13,8.5,0.039043253,0
2021,8,6,2021-08-06,-165.3226,64.309745,-20664,19,10.7,0.037110596,0
2021,8,6,2021-08-06,-165.3112,63.993235,-20663,15,10.8,0.039103344,16.3668866785408
2021,8,6,2021-08-06,-165.319985,63.66752,-20662,16,10.6,0.041195707,112.511723612366
2021,8,2,2021-08-02,-166.054845,64.002595,-20661,21,8.3,0.0431256,69.7033780399577
2021,8,2,2021-08-02,-166.020675,64.332225,-20660,21,9.3,0.048356352,28.5794925142409
2021,8,1,2021-08-01,-167.88624,65.265275,-20659,31,8.4,0.04074504,1.59528619925272
2021,8,1,2021-08-01,-167.614405,64.978615,-20658,31,9.3,0.040476135,0
2021,8,1,2021-08-01,-167.605295,64.657665,-20657,28,7.4,0.040965266,44.1837726624307
2021,8,1,2021-08-01,-167.57719,64.333085,-20656,28,6.3,0.039910393,86.5689295517586
2021,7,31,2021-07-31,-168.362725,65.32447,-20655,50,4.9,0.045997848,14.7833002970052
2021,7,31,2021-07-31,-168.339065,64.994345,-20654,41,3.4,0.037746812,0
2021,7,31,2021-07-31,-168.331795,64.653955,-20653,36,1.6,0.039920452,0
2021,7,31,2021-07-31,-168.334425,64.331415,-20652,37,0.7,0.04052528,0
2021,7,30,2021-07-30,-169.097245,64.33431,-20651,38,0.3,0.041143833,0
2021,7,30,2021-07-30,-169.15643,64.65804,-20650,41,-0.1,0.04613882,0
2021,7,30,2021-07-30,-169.10073,65.017845,-20649,46,1.3,0.04527814,9.16557084721236
2021,7,30,2021-07-30,-168.947575,65.252895,-20648,49,2.2,0.04309992,0
2021,7,30,2021-07-30,-167.56952,64.028995,-20647,32,3.5,0.043662988,102.146009796673
2021,7,30,2021-07-30,-167.528985,63.66072,-20646,26,3.3,0.043965702,293.865431740405
2021,7,30,2021-07-30,-167.564485,63.3267,-20645,32,2.1,0.043764261,0
2021,7,29,2021-07-29,-168.283725,63.372045,-20644,26,0.4,0.04452132,159.361851804933
2021,7,29,2021-07-29,-168.26882,63.68902,-20643,30,0.9,0.044116035,1055.05855183948
2021,7,29,2021-07-29,-168.3144,64.0101,-20642,34,0.7,0.04269552,0
2021,7,29,2021-07-29,-169.0628,63.99764,-20641,32,6.4,0.040698984,471.756248264084
2021,7,29,2021-07-29,-169.950965,65.009085,-20640,46,0.9,0.04518983,0
2021,7,29,2021-07-29,-170.62823,64.653585,-20638,45,0.8,0.029862972,0
2021,7,29,2021-07-29,-169.90694,64.65693,-20637,44,0.3,0.04510314,11.3074167341786
2021,7,29,2021-07-29,-169.83788,64.316715,-20636,36,0.3,0.04314984,0
2021,7,28,2021-07-28,-170.67872,64.28089,-20635,31,0.6,0.043421402,18.5392447715069
2021,7,28,2021-07-28,-171.105935,64.233985,-20634,37,0.3,0.04254316,82.2693941869856
2021,7,28,2021-07-28,-171.051215,63.6988,-20633,18,6.7,0.042264048,0
2021,7,27,2021-07-27,-170.552865,63.99391,-20632,26,3,0.04287733,13.7601851607831
2021,7,27,2021-07-27,-171.351435,64.04661,-20631,30,0.9,0.046090716,30.374880702656
2021,7,27,2021-07-27,-171.79476,64.01035,-20630,47,-0.9,0.047709885,3425.91477636133
2021,7,29,2021-07-29,-169.77538,63.98062,-20628,32,2.7,0.040772834,51.0143592177085
2021,7,28,2021-07-28,-169.66229,63.68538,-20627,37,6.7,0.04126401,3232.35671957233
2021,7,28,2021-07-28,-168.963455,63.68096,-20626,33,1.5,0.04410861,0
2021,7,27,2021-07-27,-168.200905,62.99652,-20625,37,0.8,0.04363706,3.48327774602597
2021,7,27,2021-07-27,-168.825805,62.865445,-20624,37,-0.2,0.044700522,787.910261987545
2021,7,27,2021-07-27,-168.896405,62.657235,-20623,32,0.2,0.045807496,216.340137867392
2021,7,27,2021-07-27,-169.62538,62.66026,-20622,37,-0.7,0.04241246,14.2410980169507
2021,7,27,2021-07-27,-172.673635,63.657025,-20621,52,-1.5,0.045964904,0
2021,7,26,2021-07-26,-171.99621,63.535055,-20620,33,-1,0.040740435,0
2021,7,26,2021-07-26,-171.99726,63.24515,-20619,56,-1.5,0.048476316,7.3231637486644
2021,7,26,2021-07-26,-172.62468,63.33523,-20617,61,-1.1,0.0461897,0
2021,7,26,2021-07-26,-173.357445,63.339025,-20616,68,-1.6,0.046158651,30.3301758103806
2021,7,27,2021-07-27,-170.364425,62.674705,-20615,40,-0.9,0.044538584,4.715012942486
2021,7,26,2021-07-26,-170.48452,62.944735,-20614,39,-1.4,0.043548285,0
2021,7,26,2021-07-26,-171.16688,63.20071,-20613,37,-1.4,0.021805875,0
2021,7,26,2021-07-26,-171.11632,63.003185,-20612,45,-1.5,0.04402948,254.147902723357
2021,7,26,2021-07-26,-170.958235,62.64141,-20611,42,-1.2,0.044916036,0
2021,7,25,2021-07-25,-170.989715,62.33985,-20610,40,-0.9,0.044870754,0
2021,7,25,2021-07-25,-170.27634,62.305455,-20609,39,-0.3,0.043214454,0
2021,7,25,2021-07-25,-170.269635,62.00565,-20608,44,-1,0.047744928,0
2021,7,25,2021-07-25,-171.07103,61.980685,-20607,48,-0.6,0.051170665,0
2021,7,25,2021-07-25,-173.981685,63.000435,-20606,71,-1.7,0.051912486,6.16422029952486
2021,7,25,2021-07-25,-173.215325,63.004,-20605,66,-1.7,0.047933456,46.7314520363397
2021,7,25,2021-07-25,-172.56412,63.003305,-20604,58,-1.7,0.049622857,51.9921696568176
2021,7,25,2021-07-25,-171.767845,63.00793,-20603,51,-1.6,0.047581215,3.25758810488551
2021,7,25,2021-07-25,-171.66618,62.02658,-20602,49,-1,0.04621827,0
2021,7,24,2021-07-24,-171.79744,62.332695,-20601,44,-1.1,0.04607064,0
2021,7,24,2021-07-24,-172.3844,62.326085,-20600,51,-1.2,0.044984233,0
2021,7,24,2021-07-24,-172.403475,62.00663,-20599,54,-1.2,0.053473816,0
2021,7,24,2021-07-24,-173.11302,61.997375,-20598,57,-0.8,0.050110656,0
2021,7,25,2021-07-25,-171.8136,62.67179,-20597,47,-1.2,0.045344145,0
2021,7,24,2021-07-24,-172.44106,62.667145,-20596,51,-1.3,0.045401884,0
2021,7,24,2021-07-24,-173.16578,62.662975,-20595,61,-1.6,0.04637081,0
2021,7,24,2021-07-24,-173.16048,62.348985,-20594,57,-1.3,0.047278735,0
2021,7,24,2021-07-24,-173.83068,62.332455,-20593,62,-1.2,0.04635768,2.80428183636455
2021,7,23,2021-07-23,-172.292375,61.664665,-20592,58,0.5,0.050054256,0
2021,7,23,2021-07-23,-171.533265,61.66059,-20591,52,0.6,0.048970591,0
2021,7,23,2021-07-23,-171.53157,61.338445,-20590,53,1.5,0.05066407,17.5666897665347
2021,7,23,2021-07-23,-172.206795,61.340725,-20589,61,0.8,0.053175074,0
2021,7,23,2021-07-23,-173.913775,62.65922,-20588,67,-1.7,0.045498561,0
2021,7,23,2021-07-23,-174.621015,62.659095,-20587,70,-1.7,0.047481576,0
2021,7,23,2021-07-23,-174.61426,62.337775,-20586,69,-1.5,0.046613272,0
2021,7,23,2021-07-23,-175.275625,62.33486,-20585,76,-0.6,0.046786944,0
2021,7,22,2021-07-22,-172.91428,61.359355,-20577,66,1.6,0.050324716,10.4322496325662
2021,7,22,2021-07-22,-173.07778,61.67323,-20576,64,1.1,0.053929644,32.8205392937509
2019,8,14,2019-08-14,-173.406035,63.336915,-19851,68,0,0.049997462,357.2181323924
2019,8,13,2019-08-13,-172.647645,63.33313,-19850,61,0.4,0.05028228,1260.8815670252
2019,8,13,2019-08-13,-171.984305,63.299995,-19849,56,0.6,0.046167825,1.99272978529961
2019,8,13,2019-08-13,-172.061445,63.69839,-19848,35,0.7,0.017862899,0
2019,8,13,2019-08-13,-172.721165,63.6616,-19847,53,0.3,0.04927136,1253.46651685685
2019,8,20,2019-08-20,-169.36521,60.66889,-19846,40,7.5,0.042834687,62.0992047869989
2019,8,20,2019-08-20,-168.69992,60.667385,-19845,34,10.6,0.047487375,23.5852160705872
2019,8,15,2019-08-15,-168.891655,62.67068,-19844,35,2.3,0.045215172,0
2019,8,14,2019-08-14,-168.828885,62.872775,-19843,37,2.1,0.045738702,0
2019,8,20,2019-08-20,-170.092865,60.666145,-19841,47,4.2,0.047954179,7396.62334746676
2019,8,20,2019-08-20,-170.76827,60.670745,-19840,56,3.1,0.04920238,151.903220941751
2019,8,19,2019-08-19,-168.022505,60.665215,-19839,27,12,0.045214159,423.650476391699
2019,8,19,2019-08-19,-168.714285,60.99725,-19838,34,10.8,0.042268248,98.655614966582
2019,8,19,2019-08-19,-168.035835,60.998555,-19837,27,11.9,0.044126954,30.5935460671045
2019,8,19,2019-08-19,-167.36652,61.000675,-19836,20,12.6,0.043736988,53.844585731418
2019,8,19,2019-08-19,-170.769875,60.992635,-19835,51,2.9,0.046901322,472.865135869731
2019,8,19,2019-08-19,-170.07322,60.992235,-19834,45,4.1,0.046169991,2754.84134272411
2019,8,19,2019-08-19,-169.42226,60.99903,-19833,38,6.3,0.039513312,6469.81958890209
2019,8,19,2019-08-19,-169.464865,61.32734,-19832,37,8.7,0.039724985,607.073860443245
2019,8,18,2019-08-18,-167.33004,60.6635,-19831,23,12.5,0.047990496,55.948577818408
2019,8,18,2019-08-18,-166.636445,60.666005,-19830,17,13.4,0.040810464,4.28811591066448
2019,8,18,2019-08-18,-166.647435,60.997585,-19829,15,14,0.042793998,73.7252920374488
2019,8,18,2019-08-18,-166.68264,61.329885,-19828,11,13.5,0.043170954,101.804560538551
2019,8,19,2019-08-19,-170.17414,61.33742,-19826,44,3.8,0.0451059,954.886167884911
2019,8,18,2019-08-18,-170.177965,61.664485,-19825,43,2.5,0.04701864,4.63645907240192
2019,8,18,2019-08-18,-169.507085,61.67139,-19824,38,5.5,0.042172416,0
2019,8,18,2019-08-18,-169.559745,61.992035,-19823,39,2.4,0.048173664,2.96842689814916
2019,8,18,2019-08-18,-170.24224,61.99635,-19822,44,1.6,0.047162052,0
2019,8,17,2019-08-17,-170.281995,62.32753,-19821,38,2.6,0.043399776,78.7792084456842
2019,8,17,2019-08-17,-169.590045,62.346275,-19820,33,2.7,0.044670524,17.2373173862926
2019,8,17,2019-08-17,-169.647345,62.670615,-19819,38,1.1,0.04260597,0
2019,8,17,2019-08-17,-170.329935,62.67188,-19818,40,0.2,0.04201589,221.440031378605
2019,8,17,2019-08-17,-166.73471,61.647585,-19817,19,12.9,0.040708493,10.9313798474436
2019,8,17,2019-08-17,-167.390325,61.666785,-19816,22,11.6,0.043444414,21.9821125910457
2019,8,17,2019-08-17,-167.367465,61.344665,-19815,21,12.5,0.0419052,41.0450254383704
2019,8,17,2019-08-17,-168.08544,61.331305,-19814,27,11.2,0.04507801,4.32583425932068
2019,8,16,2019-08-16,-168.769,61.32822,-19813,32,10.6,0.044958851,44.2626970159891
2019,8,16,2019-08-16,-168.803725,61.665925,-19812,34,8.6,0.045476956,13.3034409778878
2019,8,16,2019-08-16,-168.083865,61.6656,-19811,27,10.6,0.04759258,7.77432112316668
2019,8,16,2019-08-16,-168.12715,61.997985,-19810,26,9.9,0.045137484,1.44004481951187
2019,8,16,2019-08-16,-171.096775,62.675665,-19809,42,0.5,0.047681077,0
2019,8,16,2019-08-16,-170.494965,62.949575,-19808,39,-0.2,0.0423243,0
2019,8,16,2019-08-16,-171.13227,63.00214,-19807,45,-0.5,0.0470306,57.0479645167189
2019,8,16,2019-08-16,-171.123505,63.273085,-19806,30,1.3,0.0237614,0
2019,8,16,2019-08-16,-171.806345,62.974005,-19805,50,-0.6,0.0469338,0
2019,8,15,2019-08-15,-171.8221,62.66339,-19804,47,0.8,0.04627692,0
2019,8,15,2019-08-15,-172.508855,62.668765,-19803,53,0.8,0.046174526,18.9281856407145
2019,8,15,2019-08-15,-173.19076,62.66735,-19802,62,0.1,0.05095434,15.8965850602716
2019,8,15,2019-08-15,-173.90926,62.65517,-19801,67,-0.5,0.05221722,0
2019,8,15,2019-08-15,-168.837175,61.997905,-19800,34,4.8,0.046865923,1.17356058473446
2019,8,15,2019-08-15,-168.865795,62.33586,-19799,32,3.2,0.047506884,57.486405549141
2019,8,15,2019-08-15,-168.139095,62.34296,-19798,28,7.5,0.045473875,23.4200406277231
2019,8,15,2019-08-15,-168.186865,62.66791,-19797,32,5.7,0.04764786,47.2634028054985
2019,8,14,2019-08-14,-168.21037,63.00614,-19796,38,4.4,0.047300641,5.49675426174457
2019,8,13,2019-08-13,-168.2779,63.341185,-19795,31,2.3,0.049132954,0
2019,8,13,2019-08-13,-168.26885,63.67149,-19794,31,3.1,0.048575514,0
2019,8,13,2019-08-13,-167.51265,63.674145,-19792,27,4,0.046060996,0
2019,8,15,2019-08-15,-174.6305,62.66971,-19791,71,-0.1,0.053440604,0
2019,8,14,2019-08-14,-174.0076,63.001735,-19789,71,-0.2,0.060247296,15.5027704479882
2019,8,14,2019-08-14,-173.293005,63.010495,-19788,67,-0.6,0.049899815,37.2746872909248
2019,8,14,2019-08-14,-172.60382,63.02286,-19786,59,-0.5,0.049891916,38.0021484843356
2019,8,11,2019-08-11,-166.056865,64.0034,-19784,21,10.2,0.041452932,157.407442252818
2019,8,11,2019-08-11,-166.063625,63.673455,-19783,24,10.2,0.04685688,747.915780990967
2019,8,11,2019-08-11,-166.78842,63.66541,-19782,27,5.7,0.0451836,4.75836365406918
2019,8,11,2019-08-11,-166.81108,63.99847,-19781,30,5.1,0.044471965,92.0804826141593
2019,8,12,2019-08-12,-172.00702,64.00155,-19779,50,1.5,0.033245667,0
2019,8,11,2019-08-11,-171.353185,64.04964,-19778,29,3.8,0.042423905,0
2019,8,11,2019-08-11,-171.03479,63.699605,-19777,18,8.3,0.023344632,7.36786084269823
2019,8,11,2019-08-11,-167.513515,63.341035,-19776,31,3.6,0.038743056,11.4859292462629
2019,8,10,2019-08-10,-167.488725,62.998815,-19775,31,3.9,0.044375925,44.2582323636071
2019,8,10,2019-08-10,-167.449085,62.669555,-19774,27,7.9,0.04276219,558.109862942006
2019,8,10,2019-08-10,-167.438125,62.33572,-19773,24,8.7,0.041570361,0
2019,8,10,2019-08-10,-167.4153,61.99045,-19772,24,10.4,0.0430752,86.2445212094198
2019,8,10,2019-08-10,-170.55962,63.993085,-19771,26,4.4,0.043490564,0
2019,8,10,2019-08-10,-171.104195,64.232535,-19770,37,2,0.041962032,0
2019,8,10,2019-08-10,-170.59159,64.3301,-19769,34,1.9,0.0424312,0
2019,8,10,2019-08-10,-170.605155,64.63456,-19768,45,2.7,0.048643712,22.6134058190296
2019,8,9,2019-08-09,-169.88556,64.66201,-19767,44,1.8,0.04694875,0
2019,8,9,2019-08-09,-169.120555,64.66013,-19766,41,2.2,0.025056885,0
2019,8,9,2019-08-09,-169.076535,64.329575,-19765,37,2.4,0.040053124,0
2019,8,9,2019-08-09,-166.69534,62.00497,-19764,19,11.9,0.04302298,8.13518728828175
2019,8,9,2019-08-09,-166.73713,62.340385,-19762,20,11.6,0.039945456,183.249879535735
2019,8,9,2019-08-09,-166.746715,62.661525,-19761,23,9.8,0.045449768,88.2292732495356
2019,8,9,2019-08-09,-166.75543,63.00628,-19759,26,9.1,0.043877124,116.689507726167
2019,8,9,2019-08-09,-169.82463,64.303325,-19758,35,2.6,0.04323748,0
2019,8,8,2019-08-08,-169.77752,63.988455,-19757,32,3.3,0.04079102,0
2019,8,8,2019-08-08,-169.754585,63.65616,-19756,36,7.2,0.040155458,739.999030766876
2019,8,8,2019-08-08,-169.007845,63.667525,-19755,33,6.3,0.042849286,751.61112369527
2019,8,8,2019-08-08,-169.037045,63.95837,-19754,32,3.1,0.046203726,1869.43797562993
2019,8,8,2019-08-08,-166.01628,63.001125,-19753,18,10.8,0.043151446,56.0815505464174
2019,8,8,2019-08-08,-166.76685,63.336715,-19752,24,6.9,0.04226793,24.7232357960279
2019,8,8,2019-08-08,-166.038665,63.334115,-19750,22,10.4,0.045144378,37.4354476652663
2019,8,8,2019-08-08,-165.305835,63.331605,-19749,13,13.3,0.04615528,2.05826938976429
2019,8,7,2019-08-07,-165.30845,63.663985,-19748,15,12,0.04075332,3.68068172114566
2019,8,7,2019-08-07,-164.573905,63.67351,-19747,9,13,0.045755958,75.1814659852603
2019,8,7,2019-08-07,-163.80997,63.665155,-19745,12,13.8,0.040165986,4.48140374295803
2019,8,7,2019-08-07,-163.04993,63.66912,-19744,12,13.9,0.0366183,50.7942749936507
2019,8,7,2019-08-07,-168.277315,64.01046,-19742,33,3,0.04192901,0
2019,8,7,2019-08-07,-167.568545,64.00194,-19741,32,4,0.041747088,0
2019,8,7,2019-08-07,-167.61301,64.31802,-19740,28,5.5,0.039127176,0
2019,8,7,2019-08-07,-168.32124,64.32977,-19739,37,3.4,0.038851092,21.3636208732563
2019,8,7,2019-08-07,-162.31633,63.99935,-19738,15,13,0.041703513,0
2019,8,6,2019-08-06,-161.527585,63.997585,-19737,17,14.2,0.043774612,0
2019,8,6,2019-08-06,-161.56173,64.31501,-19736,12,15.3,0.043569504,0.573795836647578
2019,8,6,2019-08-06,-162.274705,64.33142,-19735,16,14,0.04200326,0
2019,8,6,2019-08-06,-163.12622,64.247355,-19734,18,13.5,0.037995606,0
2019,8,6,2019-08-06,-168.349225,64.6631,-19733,37,2.1,0.038597776,105.316948831456
2019,8,6,2019-08-06,-168.36148,65.00024,-19732,42,3.7,0.044159022,19.3618418451387
2019,8,6,2019-08-06,-169.11489,65.01249,-19731,46,2.3,0.048085248,47.602957148105
2019,8,6,2019-08-06,-169.902515,65.01169,-19730,47,2.8,0.044293289,58.9254051556208
2019,8,6,2019-08-06,-168.904435,65.223965,-19583,50,2.1,0.04156761,0
2019,8,5,2019-08-05,-168.387785,65.335015,-19582,50,3.9,0.045450275,0
2019,8,5,2019-08-05,-167.669265,65.30246,-19581,35,9.6,0.040889124,0
2019,8,5,2019-08-05,-167.643845,65.006105,-19580,31,9.9,0.041474205,0
2019,8,5,2019-08-05,-167.605935,64.673895,-19579,27,8.5,0.041626632,0.52850780721342
2019,8,5,2019-08-05,-163.064235,64.002485,-19577,17,10.7,0.039897179,0
2019,8,5,2019-08-05,-163.774885,64.00213,-19576,17,10.5,0.03662193,0
2019,8,5,2019-08-05,-163.78272,64.337985,-19575,16,13.4,0.04416033,1.47190929053293
2019,8,5,2019-08-05,-164.531705,64.32498,-19574,13,12.7,0.042499236,0.941193389923527
2019,8,5,2019-08-05,-164.54903,64.00353,-19510,17,13.2,0.042146869,0
2019,8,4,2019-08-04,-165.32112,64.013535,-19509,16,12.7,0.041954244,0
2019,8,4,2019-08-04,-165.33186,64.331,-19508,22,12.7,0.039812,4.64684014869888
2019,8,4,2019-08-04,-166.81831,64.657275,-19507,22,11.9,0.04102614,0
2019,8,4,2019-08-04,-166.83319,64.338985,-19506,27,11.2,0.043116282,0
2019,8,4,2019-08-04,-166.045795,64.332775,-19505,20,12.3,0.04641923,1.50799571643045
2019,7,30,2019-07-30,-170.91697,61.67408,-19504,47,1.1,0.045744345,5673.09467432532
2019,7,30,2019-07-30,-170.850915,61.33953,-19503,46,1.8,0.045144676,266.52090713864
2019,7,30,2019-07-30,-171.48311,61.342485,-19502,52,1.8,0.048327776,4.24186703729135
2019,7,30,2019-07-30,-171.556475,61.679305,-19501,53,1.3,0.048546355,450.806244876675
2019,7,30,2019-07-30,-172.33209,61.662905,-19500,59,1,0.048084048,2021.46042279968
2019,7,29,2019-07-29,-172.285085,61.34241,-19499,61,1.9,0.052564572,3750.11138681011
2019,7,29,2019-07-29,-172.93076,61.333085,-19498,66,1.6,0.04902735,0
2019,7,29,2019-07-29,-173.093545,61.6776,-19497,64,1.4,0.047485251,1615.02779041854
2019,7,29,2019-07-29,-173.080015,62.00723,-19496,56,0.8,0.048455873,18217.3170216126
2019,7,30,2019-07-30,-170.978145,61.99793,-19494,47,0.7,0.047528005,101.624294981454
2019,7,30,2019-07-30,-171.04723,62.33823,-19493,40,0.7,0.047436272,0
2019,7,30,2019-07-30,-171.706535,62.321995,-19492,44,0.7,0.046028817,0
2019,7,30,2019-07-30,-171.655805,61.985235,-19491,50,0.8,0.047360027,0
2019,7,30,2019-07-30,-172.371035,62.00941,-19490,53,0.6,0.046042282,12.8143083785465
2019,7,29,2019-07-29,-172.451475,62.3282,-19489,52,0.5,0.046629052,0
2019,7,29,2019-07-29,-173.156085,62.334975,-19488,56,0.6,0.049926416,2433.18086361336
2019,7,29,2019-07-29,-173.86337,62.334245,-19487,61,0.3,0.049703252,166.186309097039
2019,7,29,2019-07-29,-174.571725,62.33512,-19486,68,-0.5,0.04853651,0
2019,7,28,2019-07-28,-175.319035,62.31661,-19485,77,0.2,0.051308779,8.69246956743991
2018,8,14,2018-08-14,-169.48561,60.75149,-18223,41,5.6,0.04675278,21.0468767846532
2018,8,14,2018-08-14,-168.532365,60.74974,-18222,33,9.6,0.044668526,2.50735831309947
2018,8,14,2018-08-14,-168.60031,61.258615,-18221,31,8.7,0.044590516,0
2018,8,14,2018-08-14,-168.624105,61.77183,-18220,32,6.7,0.043667728,0
2018,8,13,2018-08-13,-168.62694,62.252515,-18219,30,4,0.045209584,0
2018,8,13,2018-08-13,-167.543995,62.248695,-18218,22,7.1,0.046000843,6.08684497368885
2018,8,13,2018-08-13,-167.58187,62.747235,-18217,21,5.9,0.046533575,1.41833074290982
2018,8,13,2018-08-13,-168.67238,62.74783,-18216,37,4.3,0.044132255,199.310005799613
2018,8,12,2018-08-12,-168.548005,63.23468,-18215,29,3,0.022496094,5.77878097415489
2018,8,12,2018-08-12,-167.641225,63.250795,-18214,34,4.9,0.043635301,2.52089472237169
2018,8,12,2018-08-12,-167.65381,63.76095,-18213,29,4.6,0.043798578,466.453499928696
2018,8,12,2018-08-12,-168.80688,63.75025,-18212,31,6.4,0.039330539,116.5506529163
2018,8,11,2018-08-11,-169.94276,63.75184,-18211,41,9,0.032850762,272.748619955909
2018,8,11,2018-08-11,-171.26138,63.86703,-18210,23,9.1,0.020874996,0
2018,8,11,2018-08-11,-172.287045,63.76227,-18209,49,1,0.024142932,5756.13599872625
2018,8,11,2018-08-11,-169.973205,64.24898,-18208,36,4.6,0.036803672,0
2018,8,10,2018-08-10,-168.81188,64.259695,-18207,37,6.1,0.039709009,9.31778478782988
2018,8,10,2018-08-10,-168.874685,64.737805,-18206,44,4.1,0.023312448,0
2018,8,10,2018-08-10,-167.81639,64.75523,-18205,33,4.8,0.04117392,506.631382195331
2018,8,9,2018-08-09,-167.66711,64.2514,-18204,29,5,0.04276708,36.991068831447
2018,8,9,2018-08-09,-166.60119,64.26327,-18203,26,3.8,0.045315024,19.0223886894554
2018,8,9,2018-08-09,-166.59515,63.74288,-18202,27,4.3,0.04382438,12.7782754713244
2018,8,1,2018-08-01,-170.895485,62.75308,-18197,41,1.4,0.043360603,101.935851768482
2018,8,1,2018-08-01,-170.820185,62.24478,-18196,42,1.8,0.047224548,33.7959825470431
2018,8,1,2018-08-01,-170.758485,61.73605,-18195,46,3.6,0.048426672,351.04621684513
2018,8,5,2018-08-05,-167.85601,65.25259,-18194,30,4,0.043101919,2.78409877759735
2018,8,5,2018-08-05,-168.96556,65.242075,-18193,49,2.9,0.046380354,0
2018,8,5,2018-08-05,-170.04237,64.74394,-18192,45,3.1,0.048414718,0
2018,8,4,2018-08-04,-171.10618,64.232745,-18191,37,3.2,0.028831796,0
2018,8,4,2018-08-04,-173.11979,63.254165,-18190,66,0.7,0.046818715,13.0289778350388
2018,8,3,2018-08-03,-171.97317,62.808975,-18189,50,2.2,0.04768905,75.3632123097441
2018,8,3,2018-08-03,-172.00183,63.245485,-18188,56,1,0.048092648,10.4173926958649
2018,8,3,2018-08-03,-171.11252,63.258,-18187,31,2.2,0.016041984,0
2018,8,3,2018-08-03,-171.91057,62.243045,-18185,45,2.7,0.045092823,0
2018,8,2,2018-08-02,-171.821375,61.7521,-18184,54,2.6,0.047664212,194.275738786996
2018,8,2,2018-08-02,-172.799885,61.75108,-18183,60,2.6,0.046612287,29.1768563082949
2018,8,2,2018-08-02,-172.91695,62.25023,-18182,55,2,0.0474991,187.750925807015
2018,8,2,2018-08-02,-173.087185,62.724015,-18181,62,1.2,0.04921968,34.945371444918
2018,8,1,2018-08-01,-174.080825,62.743085,-18180,69,1.7,0.048759453,0
2018,8,1,2018-08-01,-173.991315,62.250315,-18179,62,1.9,0.047915112,9.26638760648206
2018,8,1,2018-08-01,-175.193115,62.244595,-18178,76,1.4,0.047526828,269.111163909361
2018,8,3,2018-08-03,-170.58909,60.749255,-18177,50,4.2,0.044460202,138.550877479144
2018,8,3,2018-08-03,-170.655715,61.240235,-18176,45,3.3,0.043850814,60.295345942723
2018,8,3,2018-08-03,-169.503175,61.24337,-18175,38,4.4,0.044133399,1755.81309746843
2018,8,2,2018-08-02,-169.590335,61.74832,-18174,40,3.6,0.04169165,1607.51613332646
2018,8,2,2018-08-02,-169.66058,62.25105,-18173,36,2.8,0.042600888,72.2989624066052
2018,8,2,2018-08-02,-169.725085,62.7628,-18172,40,2.8,0.04651439,32.8285504765299
2018,8,1,2018-08-01,-171.758015,61.24815,-18145,55,2.8,0.047885235,270.647100301377
2018,7,31,2018-07-31,-172.70959,61.251165,-18144,63,4.2,0.047004987,15.1047802651238
2017,8,22,2017-08-22,-169.82966,64.31149,-17456,36,4.1,0.027503025,1.8179818401794
2017,8,21,2017-08-21,-170.55932,63.994085,-17455,27,6.4,0.042541408,130.273074177517
2017,8,21,2017-08-21,-170.69045,64.27813,-17454,32,6.6,0.039932885,0
2017,8,21,2017-08-21,-171.27471,64.30688,-17453,43,2.1,0.018390542,0
2017,8,23,2017-08-23,-166.059735,64.331065,-17451,21,5.2,0.041925408,17.9843211066664
2017,8,23,2017-08-23,-166.83257,64.340145,-17450,28,4.5,0.044103096,89.1547387058722
2017,8,23,2017-08-23,-166.807915,64.65558,-17449,23,3.9,0.044892171,14.5014149571871
2017,8,22,2017-08-22,-163.118495,64.246525,-17448,18,8.4,0.041942048,0.333793905342915
2017,8,21,2017-08-21,-162.26691,64.331405,-17447,17,7.4,0.0413773,0.894210110374529
2017,8,21,2017-08-21,-161.536975,64.310265,-17446,13,10.1,0.042134012,0.4746758984167
2017,8,21,2017-08-21,-161.53304,63.991045,-17445,16,7.1,0.043862929,0
2017,9,1,2017-09-01,-168.066195,61.339715,-17444,27,6.8,0.043464852,170.252506554031
2017,9,1,2017-09-01,-168.0963,61.667955,-17443,26,7.3,0.042061591,206.839536811625
2017,9,1,2017-09-01,-168.125995,62.001255,-17442,26,6.8,0.040618197,24.2502147498078
2017,9,1,2017-09-01,-167.442495,62.000165,-17441,23,7.9,0.04455659,0.448867384151256
2017,9,2,2017-09-02,-168.01654,60.672095,-17440,26,10.2,0.041474268,315.858498093324
2017,9,2,2017-09-02,-168.035185,61.005615,-17439,27,9.3,0.04200645,47.1356184585939
2017,9,1,2017-09-01,-167.437215,62.338825,-17438,24,8.4,0.041925213,6.20151888077468
2017,8,31,2017-08-31,-167.4697,62.66205,-17437,25,7.6,0.042179416,22.0486694268124
2017,8,31,2017-08-31,-168.15468,62.333685,-17436,28,8.2,0.042564612,0
2017,8,31,2017-08-31,-168.186235,62.658195,-17435,31,7.9,0.04127188,0
2017,8,30,2017-08-30,-167.48401,62.999245,-17434,31,6.7,0.042657244,3.5164015753104
2017,8,29,2017-08-29,-167.508015,63.330605,-17433,30,6.4,0.042069056,463.523593208272
2017,8,29,2017-08-29,-168.243555,63.324905,-17432,24,7.8,0.04128248,70.2477176758761
2017,8,29,2017-08-29,-168.223015,63.00573,-17431,37,7.7,0.039154964,18.0053798542632
2017,8,29,2017-08-29,-168.278,63.66954,-17430,30,6.5,0.04188443,74.2519356238106
2017,8,28,2017-08-28,-167.52785,63.66578,-17429,26,5.8,0.041748492,8.83864260294719
2017,8,28,2017-08-28,-167.56579,64.02824,-17428,32,4.8,0.03857184,0
2017,8,28,2017-08-28,-168.29421,64.006705,-17427,33,5.6,0.037080171,21.5748735355077
2017,8,28,2017-08-28,-169.01404,63.670105,-17425,33,6.5,0.03997,652.364273204904
2017,8,27,2017-08-27,-169.75383,63.66607,-17424,37,7.7,0.041823912,38.2556275462707
2017,8,27,2017-08-27,-169.79379,63.99308,-17423,32,7.3,0.0418362,0
2017,8,27,2017-08-27,-169.05261,64.0077,-17422,32,5.8,0.0386405,26.3971739496125
2017,8,27,2017-08-27,-169.138915,64.29345,-17421,37,5.3,0.03925515,447.075097152858
2017,8,26,2017-08-26,-167.31228,60.67349,-17420,24,11,0.046775072,4.27578176683512
2017,8,26,2017-08-26,-167.32733,60.997285,-17419,21,10.8,0.048004614,0
2017,8,26,2017-08-26,-167.372165,61.344735,-17418,22,10.4,0.04446855,0
2017,8,26,2017-08-26,-167.418495,61.677945,-17417,22,9.5,0.0454545,0
2017,8,27,2017-08-27,-168.33552,64.32915,-17416,37,4.2,0.04072909,1.79233073952794
2017,8,26,2017-08-26,-168.35471,64.65996,-17415,37,2.8,0.04235427,9.16082369026783
2017,8,26,2017-08-26,-169.162115,64.651255,-17414,41,2.9,0.047577456,12.9262901320323
2017,8,26,2017-08-26,-168.344985,65.00093,-17413,42,3.2,0.044012724,0
2017,8,26,2017-08-26,-168.369805,65.32591,-17412,51,3.7,0.043990809,0
2017,8,25,2017-08-25,-167.869315,65.256975,-17411,30,3.4,0.042202902,8.12740318189493
2017,8,25,2017-08-25,-167.600485,64.97021,-17410,30,3.4,0.04343922,0
2017,8,25,2017-08-25,-167.60711,64.70436,-17409,27,4.7,0.044996985,9.55619582067554
2017,8,25,2017-08-25,-167.576155,64.32386,-17408,28,3.8,0.024354698,0
2017,8,25,2017-08-25,-166.789535,63.30944,-17407,24,6.7,0.0471597,0
2017,8,25,2017-08-25,-166.80781,63.663385,-17406,27,4.7,0.049249806,0.730967346348532
2017,8,25,2017-08-25,-166.8175,63.99897,-17405,31,4.1,0.04782024,1.12922896246443
2017,8,25,2017-08-25,-166.0585,63.67658,-17404,24,5.5,0.0465504,0
2017,8,24,2017-08-24,-166.051665,63.99298,-17403,20,6.5,0.045026962,0
2017,8,24,2017-08-24,-165.31265,64.01534,-17402,15,8.9,0.03682404,0.760372843392523
2017,8,24,2017-08-24,-165.336085,64.332295,-17401,23,8.4,0.041536962,14.0116169304823
2017,8,23,2017-08-23,-168.89474,65.21764,-17400,51,4,0.042162652,0
2017,8,23,2017-08-23,-169.12043,65.017215,-17399,47,4,0.04484202,72.7888707957403
2017,8,22,2017-08-22,-169.911015,65.00784,-17398,48,3,0.04660194,0
2017,8,22,2017-08-22,-169.90891,64.65624,-17397,45,3.1,0.046115695,0
2017,8,22,2017-08-22,-170.687745,64.61832,-17396,45,2.6,0.0236155,0
2017,8,22,2017-08-22,-164.53456,64.32803,-17395,13,12.9,0.038753664,47.5309895859137
2017,8,22,2017-08-22,-164.545345,63.994645,-17394,16,11.9,0.0435897,1.74353115529586
2017,8,22,2017-08-22,-163.79239,64.00198,-17393,17,12.7,0.036522922,20.2612485386574
2017,8,22,2017-08-22,-163.78699,64.33843,-17392,17,11.1,0.040135023,0
2017,8,20,2017-08-20,-162.333805,64.00461,-17389,16,8.1,0.039315729,17.9571896021564
2017,8,20,2017-08-20,-163.062605,63.996455,-17388,17,11.8,0.03849112,4.41660310222202
2017,8,20,2017-08-20,-163.06016,63.666545,-17387,13,13.4,0.042338644,0.118095421289354
2017,8,21,2017-08-21,-171.358395,64.04452,-17386,30,5.1,0.035223342,0
2017,8,20,2017-08-20,-172.02633,63.999185,-17385,51,1.2,0.043238976,0
2017,8,20,2017-08-20,-172.10453,63.69665,-17384,37,2.5,0.02555601,0
2017,8,20,2017-08-20,-172.73402,63.66968,-17383,55,1.5,0.046848072,394.893518777037
2017,8,19,2017-08-19,-172.691365,63.325285,-17382,63,-1,0.048336302,45.5144458506569
2017,8,19,2017-08-19,-172.60711,63.00844,-17381,59,-1.2,0.0510678,0
2017,8,19,2017-08-19,-173.23229,62.995355,-17379,66,-1.5,0.048585914,26.7567262396257
2017,8,19,2017-08-19,-173.41213,63.336025,-17378,69,-1.1,0.045286164,39.7472393554906
2017,8,20,2017-08-20,-163.82735,63.670105,-17377,11,12.7,0.04100016,1.24389758478991
2017,8,19,2017-08-19,-164.613185,63.681265,-17376,9,11.4,0.038147036,0.367000990588102
2017,8,19,2017-08-19,-165.336585,63.648305,-17375,16,10.8,0.042332265,0.425207581025962
2017,8,19,2017-08-19,-165.340775,63.324515,-17374,14,11.5,0.040219216,0
2017,8,19,2017-08-19,-166.02704,63.336895,-17373,21,6.9,0.044621988,0
2017,8,18,2017-08-18,-166.03441,63.001705,-17372,19,10.1,0.04376285,0
2017,8,18,2017-08-18,-166.75021,62.991645,-17371,26,5.8,0.043328241,0
2017,8,18,2017-08-18,-166.748705,62.64254,-17370,23,8.6,0.043528188,0
2017,8,19,2017-08-19,-174.00057,62.99291,-17369,72,-1.4,0.052422708,108.731506201473
2017,8,18,2017-08-18,-173.18391,62.669555,-17368,62,-1.5,0.049474359,0
2017,8,18,2017-08-18,-173.914095,62.66693,-17367,67,-1.5,0.035897982,657.41857021378
2017,8,18,2017-08-18,-174.63527,62.671085,-17366,71,-1.4,0.048960946,70.0558359309479
2017,8,18,2017-08-18,-172.455735,62.66936,-17365,52,-0.8,0.0449016,0
2017,8,17,2017-08-17,-171.81505,62.668955,-17364,47,-0.9,0.0420086,0
2017,8,17,2017-08-17,-171.79863,63.000515,-17363,51,-0.3,0.04459899,3.47541502621472
2017,8,17,2017-08-17,-171.917565,63.3188,-17362,58,-0.3,0.029277976,0
2017,8,18,2017-08-18,-166.72352,62.325495,-17361,19,11.2,0.044539476,23.4847845987232
2017,8,17,2017-08-17,-166.69886,61.999265,-17360,19,11.8,0.045097599,0.753920402724766
2017,8,17,2017-08-17,-166.74446,61.64634,-17359,19,12.4,0.046840716,0.426978955659004
2017,8,17,2017-08-17,-166.911765,61.3304,-17358,18,11.8,0.046992216,0.595843362653934
2017,8,17,2017-08-17,-166.671805,61.009925,-17357,17,11.9,0.045420953,12.1529814665051
2017,8,16,2017-08-16,-166.657365,60.660985,-17356,18,12.7,0.04355196,8.63336575437707
2017,8,16,2017-08-16,-171.085385,62.668365,-17355,43,0,0.046937653,0
2017,8,16,2017-08-16,-170.364475,62.670315,-17354,40,3.8,0.049041884,0
2017,8,16,2017-08-16,-170.28428,62.341735,-17353,37,0.9,0.04310055,15.0810140473845
2017,8,16,2017-08-16,-170.256875,62.002905,-17352,44,-0.9,0.045475645,1.86913236744636
2017,8,16,2017-08-16,-169.59543,62.332845,-17350,34,0.5,0.041260156,0
2017,8,15,2017-08-15,-169.54835,62.00914,-17349,40,-0.6,0.05076183,0
2017,8,15,2017-08-15,-169.50274,61.665805,-17348,39,0.9,0.045094608,0
2017,8,15,2017-08-15,-168.80322,61.6664,-17347,34,3.3,0.044408492,0
2017,8,15,2017-08-15,-168.84087,61.99596,-17346,34,0.8,0.045800586,0
2017,8,15,2017-08-15,-169.599595,62.66808,-17325,38,6.9,0.04786131,0
2017,8,14,2017-08-14,-170.469845,62.947025,-17324,40,1,0.049647177,0
2017,8,14,2017-08-14,-171.11875,62.99627,-17323,45,-0.4,0.050325696,0
2017,8,14,2017-08-14,-171.11632,63.260995,-17322,31,0.5,0.0436972,0
2017,8,12,2017-08-12,-168.87068,62.332535,-17235,32,0.8,0.046767448,7.86872099585164
2017,8,11,2017-08-11,-168.9003,62.66072,-17234,33,1.3,0.042196118,260.450499261567
2017,8,11,2017-08-11,-168.989575,62.933075,-17233,27,2,0.045770627,0
2017,8,4,2017-08-04,-168.742665,61.33044,-17092,32,8.9,0.046024125,934.727167545282
2017,8,4,2017-08-04,-168.71334,60.99402,-17091,34,8.7,0.04450017,178.87572114893
2017,8,4,2017-08-04,-168.7065,60.66639,-17090,35,8.2,0.043333066,353.540642612272
2017,8,3,2017-08-03,-170.05565,60.675075,-17089,47,1.5,0.046234258,11704.7190418845
2017,8,3,2017-08-03,-170.13331,60.99503,-17088,46,1.3,0.0488971,55.4634119405854
2017,8,3,2017-08-03,-170.177395,61.33137,-17087,45,-0.4,0.04686853,65.7157371908187
2017,8,3,2017-08-03,-170.220995,61.673,-17086,44,-0.5,0.04593373,2113.87144044257
2017,8,3,2017-08-03,-170.96093,61.996055,-17085,48,-1.1,0.047335888,0
2017,8,2,2017-08-02,-171.055025,62.337725,-17084,41,-0.5,0.045525144,8.01754740193683
2017,8,2,2017-08-02,-171.727095,62.337205,-17083,45,-1,0.044211798,0
2017,8,2,2017-08-02,-172.445615,62.33073,-17082,52,-1.4,0.045702396,6.56420726825788
2017,8,4,2017-08-04,-169.45852,61.326445,-17081,38,4.4,0.043968145,0
2017,8,4,2017-08-04,-169.43424,60.99735,-17080,39,6,0.04205575,389.958566902267
2017,8,4,2017-08-04,-169.37521,60.67054,-17079,41,4.8,0.043644564,4.62829689397287
2017,8,3,2017-08-03,-170.756325,60.67064,-17078,56,-0.7,0.043747047,3.24593337694313
2017,8,3,2017-08-03,-170.818175,61.00328,-17077,51,-0.6,0.045047625,53.0105638199572
2017,8,3,2017-08-03,-170.84629,61.335425,-17076,47,-0.7,0.044566571,3.59013485690878
2017,8,3,2017-08-03,-170.909965,61.67597,-17075,48,-1,0.045543862,0
2017,8,3,2017-08-03,-171.5116,61.3312,-17074,53,-1.1,0.045250029,3.58010820280358
2017,8,2,2017-08-02,-171.58834,61.674145,-17073,53,-1.3,0.04419511,0
2017,8,2,2017-08-02,-171.651825,61.99557,-17072,49,-1.1,0.042898437,70.8650527290773
2017,8,2,2017-08-02,-172.364775,61.99573,-17071,52,-1.2,0.04443725,0
2017,8,2,2017-08-02,-172.32618,61.65951,-17070,59,-1.4,0.04681226,3.24701264156014
2017,8,1,2017-08-01,-172.25823,61.335665,-17069,62,-1.4,0.053446484,14.8185613107871
2017,8,1,2017-08-01,-172.934065,61.34035,-17068,66,-1.4,0.03170269,0
2017,8,1,2017-08-01,-173.03584,61.66846,-17067,63,-1.5,0.024572448,0
2017,8,1,2017-08-01,-173.08487,62.00502,-17066,56,-1.5,0.044716528,240.626910926537
2017,8,1,2017-08-01,-173.17429,62.343215,-17065,58,-1.5,0.047919608,441.990260020491
2017,8,1,2017-08-01,-173.883665,62.341845,-17064,62,-1.6,0.050207925,0
2017,8,1,2017-08-01,-174.64544,62.34029,-17063,69,-1.6,0.04617204,0
2017,8,1,2017-08-01,-175.29846,62.33537,-17062,77,-1.5,0.048547947,4005.73066457372
2010,8,9,2010-08-09,-166.671715,60.664635,-7216,19,8.9,0.047104389,35.580548555677
2010,8,8,2010-08-08,-166.66475,61.00459,-7215,17,10,0.048980052,58.9627793780211
2010,8,8,2010-08-08,-166.88055,61.35055,-7214,18,9.2,0.04576264,210.21514493045
2010,8,8,2010-08-08,-166.726,61.64656,-7213,18,9,0.04584272,15.0078354862015
2010,8,7,2010-08-07,-170.18286,61.67071,-7212,44,-1.2,0.04992365,0
2010,8,7,2010-08-07,-170.2566,61.99963,-7211,45,-1,0.050613815,0
2010,8,7,2010-08-07,-170.28379,62.339845,-7210,38,-0.9,0.045891584,340.890390708675
2010,8,7,2010-08-07,-171.032445,62.344035,-7209,41,-0.8,0.049415184,0
2010,8,6,2010-08-06,-171.08509,62.66625,-7208,44,-0.9,0.051823382,0
2010,8,6,2010-08-06,-170.365015,62.66999,-7207,41,-1.1,0.04859085,299.315611889893
2010,8,6,2010-08-06,-170.478385,62.94815,-7206,40,-0.8,0.051978927,41.863118875078
2010,8,6,2010-08-06,-171.125305,62.996925,-7205,45,-0.9,0.04755597,30.7006670245607
2010,8,6,2010-08-06,-171.14795,63.275155,-7204,30,-0.1,0.021104608,0
2010,8,5,2010-08-05,-171.977665,63.313375,-7203,59,0.1,0.020695939,10.3401928272015
2010,8,5,2010-08-05,-171.797665,62.98771,-7202,51,-1.4,0.048810585,1004.00353734748
2010,8,5,2010-08-05,-171.8147,62.66685,-7201,47,-1,0.050249889,0.119403248831057
2010,8,5,2010-08-05,-171.7452,62.34086,-7200,45,-0.9,0.049135151,0.325632458115372
2010,8,5,2010-08-05,-172.392605,62.33347,-7199,52,-1.2,0.044671714,0
2010,8,4,2010-08-04,-172.3673,61.98825,-7198,53,-1.2,0.044070012,73.6555279358671
2010,8,4,2010-08-04,-171.67044,61.99595,-7197,50,-1.2,0.044384301,0
2010,8,4,2010-08-04,-170.972065,62.00406,-7196,47,-1,0.04493643,0
2010,8,4,2010-08-04,-170.866135,61.67214,-7195,47,-1.1,0.043272712,0
2010,8,4,2010-08-04,-171.55018,61.66878,-7194,53,-1.2,0.04357815,0
2010,8,3,2010-08-03,-171.50104,61.34166,-7193,53,-1.1,0.047541248,0
2010,8,3,2010-08-03,-170.79979,61.33938,-7192,39,1,0.043533408,0
2010,8,3,2010-08-03,-170.113535,61.33588,-7191,45,-1.2,0.046915408,0
2010,8,3,2010-08-03,-170.10315,60.992275,-7190,46,-1.1,0.04532274,0
2010,8,3,2010-08-03,-170.820465,61.00009,-7189,52,-1.3,0.042994107,0
2010,8,2,2010-08-02,-170.756315,60.66615,-7188,60,0.5,0.049747965,9.76924382736057
2010,8,2,2010-08-02,-170.059625,60.66967,-7187,47,-1.3,0.04492026,2.18164365032616
2010,8,2,2010-08-02,-169.38111,60.67065,-7186,40,-0.7,0.040338558,0
2010,8,2,2010-08-02,-169.423905,60.999185,-7185,39,-0.7,0.040579195,0
2010,8,2,2010-08-02,-169.46244,61.339545,-7184,38,-0.7,0.027391248,0
2010,8,1,2010-08-01,-169.501125,61.661245,-7183,39,-1,0.040776718,4.80666443042326
2010,8,1,2010-08-01,-169.548565,62.004265,-7182,39,-1.1,0.037844304,5.39050737992169
2010,8,1,2010-08-01,-169.596225,62.335095,-7181,34,-0.8,0.040836486,0
2010,8,1,2010-08-01,-169.597935,62.66859,-7180,37,1.5,0.040896254,0
2010,8,1,2010-08-01,-168.99946,62.925825,-7179,26,0.9,0.042898482,0
2010,7,31,2010-07-31,-168.89549,62.66741,-7178,34,-0.6,0.0414764,0
2010,7,31,2010-07-31,-168.8704,62.33131,-7177,32,-0.9,0.03950248,0.354408128299793
2010,7,31,2010-07-31,-168.841025,61.99947,-7176,34,-0.7,0.040717908,0
2010,7,31,2010-07-31,-168.802825,61.665325,-7175,34,-0.2,0.038282419,0
2010,7,31,2010-07-31,-168.767805,61.33046,-7174,31,0.4,0.040985906,0
2010,7,30,2010-07-30,-168.735005,60.995375,-7173,34,0.8,0.0411804,0
2010,7,30,2010-07-30,-168.687715,60.6671,-7172,35,0.3,0.039201896,0
2010,8,8,2010-08-08,-172.15018,61.330395,-7171,60,-1.3,0.05561833,0
2010,8,8,2010-08-08,-172.290975,61.66879,-7170,59,-1.2,0.052319272,0
2010,8,8,2010-08-08,-172.904275,61.337255,-7169,67,-1.4,0.054318648,0
2010,8,7,2010-08-07,-173.08522,61.669535,-7168,64,-1.3,0.05569128,0
2010,8,7,2010-08-07,-173.04229,62.00161,-7167,56,-1.4,0.04677716,0
2010,8,7,2010-08-07,-173.15153,62.328725,-7166,57,-1.5,0.050000712,0.119998291224333
2010,8,7,2010-08-07,-173.18356,62.66915,-7165,62,-1.6,0.054901224,3.31504448789703
2010,8,7,2010-08-07,-172.45551,62.669345,-7164,52,-1.2,0.045876321,4.05437916436237
2010,8,6,2010-08-06,-172.607495,63.004315,-7163,59,-1.2,0.05242137,0
2010,8,6,2010-08-06,-172.6906,63.32892,-7162,62,0.2,0.04869388,13.3897730063819
2010,8,6,2010-08-06,-173.41245,63.3356,-7161,68,-0.2,0.046338625,0
2010,8,6,2010-08-06,-173.23246,62.9981,-7160,66,-0.9,0.074026588,0
2010,8,6,2010-08-06,-174.000525,62.99234,-7159,72,-1.6,0.053380082,0
2010,8,5,2010-08-05,-173.91008,62.666975,-7158,67,-1.6,0.04995396,0
2010,8,5,2010-08-05,-174.635875,62.667195,-7157,71,-1.5,0.05041584,0
2010,8,5,2010-08-05,-174.559015,62.330075,-7156,68,-1.4,0.047727983,0
2010,8,5,2010-08-05,-173.84159,62.33262,-7155,61,-1.5,0.047351304,0
2010,8,5,2010-08-05,-175.27395,62.32484,-7154,76,-1.4,0.048076578,0
2010,8,10,2010-08-10,-166.69971,62.013445,-7153,19,8.7,0.04515951,10.2304032971128
2010,8,10,2010-08-10,-166.71941,62.334605,-7152,19,8.7,0.04870208,145.784327897289
2010,8,10,2010-08-10,-166.73645,62.667775,-7151,23,6.8,0.041873754,6.1613773630136
2010,8,9,2010-08-09,-166.040465,64.33174,-7150,20,6.6,0.043286208,24.5805777211993
2010,8,9,2010-08-09,-165.31513,64.32405,-7149,22,7.1,0.044003,5.04511056064359
2010,8,9,2010-08-09,-164.52412,64.326265,-7148,13,10.4,0.046091631,2.08280761424997
2010,8,9,2010-08-09,-163.78524,64.333375,-7147,15,7.2,0.04674048,0
2010,8,9,2010-08-09,-163.029475,64.31491,-7146,12,12.3,0.043586895,0
2010,8,8,2010-08-08,-162.259255,64.337235,-7145,16,3.9,0.044181935,0
2010,8,8,2010-08-08,-161.55086,64.309785,-7144,12,9.9,0.043265576,111.127608702124
2010,8,8,2010-08-08,-161.53701,63.98905,-7143,16,3,0.04465664,0
2010,8,8,2010-08-08,-162.298185,64.005845,-7141,15,4.9,0.042796734,10.8419488272166
2010,8,7,2010-08-07,-163.04936,64.0014,-7140,16,4.7,0.04419072,36.5235053875565
2010,8,7,2010-08-07,-163.06467,63.66323,-7139,12,8.3,0.044508347,7.32446882379164
2010,8,7,2010-08-07,-163.82441,63.66719,-7138,12,9.6,0.039088644,1.68846993003902
2010,8,7,2010-08-07,-163.79603,63.99665,-7137,17,5.7,0.044636664,0
2010,8,7,2010-08-07,-164.554325,63.675535,-7136,9,12,0.045253688,3.53562343913274
2010,8,6,2010-08-06,-164.53422,63.995275,-7135,16,6.4,0.045570176,1.66775743854928
2010,8,6,2010-08-06,-165.307925,63.997925,-7134,16,8.1,0.0420161,57.1209607745602
2010,8,6,2010-08-06,-166.0421,63.99382,-7133,21,2.1,0.0430721,0
2010,8,6,2010-08-06,-166.04161,63.66285,-7132,24,3,0.04154325,0
2010,8,6,2010-08-06,-165.29859,63.663155,-7131,16,9.3,0.042253466,4.97000648420179
2010,8,5,2010-08-05,-165.29594,63.34069,-7130,13,7.5,0.047761098,1.46562794682819
2010,8,5,2010-08-05,-166.03159,63.336125,-7129,21,3,0.04262698,0
2010,8,5,2010-08-05,-166.026055,62.987495,-7128,19,7.9,0.048051432,7.78332683196621
2010,8,5,2010-08-05,-166.755215,62.998055,-7127,26,4.2,0.044884439,0
2010,8,5,2010-08-05,-166.76529,63.34855,-7126,25,2.9,0.044075499,11.7979378974246
2010,8,4,2010-08-04,-166.781175,63.664935,-7125,27,0.8,0.044743599,182.372455108048
2010,8,4,2010-08-04,-166.817975,64.003215,-7124,30,1.5,0.044896716,0
2010,8,4,2010-08-04,-167.564845,64.028575,-7123,32,1.1,0.04029909,0
2010,8,4,2010-08-04,-167.57534,64.33415,-7122,29,1.4,0.041802336,3.82753729360962
2010,8,4,2010-08-04,-166.825215,64.33846,-7121,27,0.7,0.04277211,0
2010,8,3,2010-08-03,-166.83244,64.662495,-7120,23,2.4,0.045600324,0
2010,8,3,2010-08-03,-167.6068,64.672935,-7119,28,0.6,0.041896404,0
2010,8,3,2010-08-03,-168.34586,64.998185,-7118,42,2.5,0.04363227,44.3249915716051
2010,8,2,2010-08-02,-167.628775,65.01644,-7117,31,3.2,0.045456604,0
2010,8,2,2010-08-02,-167.92059,65.31617,-7116,36,2.2,0.047180056,0
2010,8,2,2010-08-02,-168.424645,65.33371,-7115,50,2,0.02635756,82.7845976638202
2010,8,2,2010-08-02,-169.91485,65.006985,-7113,47,2,0.04927972,14.5293033320806
2010,8,1,2010-08-01,-169.125475,65.01555,-7112,46,2.3,0.047910922,224.959143971389
2010,8,1,2010-08-01,-169.16293,64.651345,-7111,40,1.9,0.048441864,697.124289024056
2010,8,1,2010-08-01,-169.89014,64.667675,-7110,44,1.8,0.04416594,4259.84367139022
2010,8,1,2010-08-01,-170.604135,64.625785,-7109,45,2.3,0.047311968,0
2010,7,31,2010-07-31,-168.35176,64.657525,-7108,36,2,0.042694528,7.02666158998174
2010,7,31,2010-07-31,-168.334645,64.33116,-7107,36,2.8,0.042455168,154.751478076827
2010,7,31,2010-07-31,-168.301615,63.990365,-7106,33,4.2,0.042342272,3399.20351935768
2010,7,31,2010-07-31,-169.05312,64.00738,-7105,31,1.4,0.041559861,0
2010,7,30,2010-07-30,-169.11165,64.316875,-7104,36,1.4,0.045904496,2235.07518740648
2010,7,30,2010-07-30,-169.83855,64.321475,-7103,35,1.3,0.0461955,0
2010,7,30,2010-07-30,-170.617225,64.32886,-7102,33,0.7,0.042051869,0
2010,7,30,2010-07-30,-172.73659,63.66821,-7100,52,0,0.047087376,0
2010,7,29,2010-07-29,-172.061525,63.69377,-7099,33,-0.7,0.024008136,0
2010,7,29,2010-07-29,-172.05644,63.998615,-7098,49,1.6,0.046710747,0
2010,7,29,2010-07-29,-171.32216,64.00354,-7097,25,0.1,0.042901824,0
2010,7,29,2010-07-29,-170.558785,63.995935,-7096,25,1.4,0.042628586,0
2010,7,29,2010-07-29,-169.79025,63.991025,-7095,31,2,0.044977545,0
2010,7,28,2010-07-28,-169.7525,63.660815,-7094,36,6.3,0.04711527,0
2010,7,28,2010-07-28,-169.015235,63.66929,-7093,32,3.6,0.044026254,1154.99265506441
2010,7,28,2010-07-28,-168.275265,63.66892,-7092,29,1.9,0.041949628,15.5424501022989
2010,7,28,2010-07-28,-167.527925,63.665395,-7091,25,0.7,0.042410344,0
2010,7,27,2010-07-27,-167.50747,63.33091,-7090,30,0.6,0.0445961,0
2010,7,27,2010-07-27,-168.24108,63.33176,-7089,24,0.5,0.042199124,0.236971743773638
2010,7,27,2010-07-27,-168.21551,63.00092,-7088,36,0.7,0.044599399,0
2010,7,27,2010-07-27,-167.484365,62.99885,-7087,31,1.2,0.04467925,0
2010,7,27,2010-07-27,-167.47114,62.662035,-7086,24,1.3,0.043125952,0
2010,7,26,2010-07-26,-168.185635,62.662135,-7085,30,-0.1,0.044146785,0
2010,7,26,2010-07-26,-168.15304,62.331835,-7084,26,-0.3,0.043400159,0
2010,7,26,2010-07-26,-167.43715,62.335445,-7083,22,0.8,0.041193828,0
2010,7,26,2010-07-26,-167.414955,61.99605,-7082,22,2.8,0.0405459,151.92658197253
2010,7,25,2010-07-25,-168.12637,61.998035,-7081,25,0.6,0.04429548,1.76090201528463
2010,7,25,2010-07-25,-168.095275,61.66229,-7080,26,0.9,0.042461784,12.7644189419832
2010,7,25,2010-07-25,-167.393175,61.664905,-7079,21,4.8,0.042902487,142.182899560112
2010,7,25,2010-07-25,-167.369835,61.33192,-7078,22,5.2,0.042579192,103.336859938535
2010,7,25,2010-07-25,-168.066675,61.33755,-7077,25,2.9,0.041023206,4.97279515404037
2010,7,24,2010-07-24,-168.035395,61.006325,-7076,26,5,0.044427984,137.075767381207
2010,7,24,2010-07-24,-167.345435,61.00118,-7075,20,5.3,0.042229332,42.8612036771029
2010,7,24,2010-07-24,-167.33487,60.667965,-7074,21,5.8,0.04371337,61.5372367767573
2010,7,24,2010-07-24,-168.003185,60.67385,-7073,25,4.7,0.044225496,56.4832557219935
1988,8,17,1988-08-17,-164.976915,64.407085,6383,18,10.5,0.04370425,0
1988,8,16,1988-08-16,-164.63925,64.40325,6384,31,9.9,0.04364738,0
1988,8,17,1988-08-17,-164.2165,64.415165,6385,16,9.9,0.0394695,0
1988,8,17,1988-08-17,-164.226665,64.496165,6386,20,12.8,0.041674224,0
1988,8,17,1988-08-17,-163.80108,64.482665,6387,18,12.4,0.04065191,0
1988,8,17,1988-08-17,-163.833415,64.32742,6388,18,10.1,0.046049388,0
1988,8,17,1988-08-17,-163.41,64.32658,6389,20,12.2,0.04439244,0
1988,8,17,1988-08-17,-162.292415,64.32642,6390,20,11.4,0.039208,0
1988,8,18,1988-08-18,-161.505165,64.32508,6392,13,13.1,0.03818456,0
1988,8,18,1988-08-18,-161.55025,64.1615,6393,18,13.7,0.04284512,0
1988,8,18,1988-08-18,-161.586415,63.99267,6394,18,10.7,0.0436863,0
1988,8,18,1988-08-18,-161.588915,63.827915,6395,16,11.3,0.045577125,0
1988,8,18,1988-08-18,-162.366,64.012335,6397,18,11,0.04367462,0
1988,8,18,1988-08-18,-162.327665,64.16275,6398,18,8.6,0.03830862,2.37544448220792
1988,8,18,1988-08-18,-163.083835,64.1635,6399,26,7.8,0.0424502,0
1988,8,18,1988-08-18,-163.105585,63.994335,6400,20,9.2,0.04573722,0
1988,8,18,1988-08-18,-163.113335,63.82825,6401,18,12.6,0.04721664,3.83339432877901
1988,8,19,1988-08-19,-163.48875,63.82917,6402,18,12.1,0.04434911,4.08125439270371
1988,8,19,1988-08-19,-163.47608,64.00033,6403,22,7.4,0.04558708,0
1988,8,19,1988-08-19,-163.441665,64.16392,6404,22,11.5,0.0428659,0
1988,8,19,1988-08-19,-163.82725,64.164415,6405,22,8.4,0.04447463,0
1988,8,18,1988-08-18,-163.85517,63.99225,6406,20,12.5,0.04687904,0
1988,8,19,1988-08-19,-163.872165,63.829665,6407,18,10.7,0.0465744,0
1988,8,19,1988-08-19,-164.22775,63.82892,6408,18,10.4,0.04335828,0
1988,8,19,1988-08-19,-164.22725,63.996585,6409,18,11.3,0.044445,4.07244909438632
1988,8,19,1988-08-19,-164.2265,64.165165,6410,20,9.7,0.04475982,0
1988,8,19,1988-08-19,-164.23167,64.32708,6411,16,10,0.03777098,7.2012958096401
1988,8,19,1988-08-19,-164.60667,64.33058,6412,18,11.8,0.04379688,4.13271447646499
1988,8,19,1988-08-19,-164.600835,64.163665,6413,18,10.6,0.04230541,0
1988,8,19,1988-08-19,-164.61233,64.003415,6414,22,11.1,0.040930136,0
1988,8,19,1988-08-19,-164.63058,63.82867,6415,18,10,0.04124496,0
1988,8,19,1988-08-19,-164.62975,63.667665,6416,13,11.2,0.03975006,0
1988,8,20,1988-08-20,-165.135165,63.50825,6417,9,12.5,0.03771899,0
1988,8,20,1988-08-20,-164.98292,63.66517,6418,18,11.7,0.048765668,0
1988,8,20,1988-08-20,-164.983835,63.831665,6419,18,10.2,0.04326619,2.10325891880011
1988,8,20,1988-08-20,-164.952915,63.981585,6420,22,11.3,0.0422807,0
1988,8,20,1988-08-20,-164.986415,64.162,6421,18,11.8,0.04114218,0
1988,8,20,1988-08-20,-164.98975,64.33125,6422,33,10.9,0.04531204,0
1988,8,20,1988-08-20,-165.376,64.412165,6423,26,10.5,0.04218108,0
1988,8,20,1988-08-20,-165.384335,64.322085,6424,26,10,0.04786218,0
1988,8,20,1988-08-20,-165.3825,64.16492,6425,20,9.7,0.04887381,0
1988,8,20,1988-08-20,-165.367665,63.99758,6426,20,9.8,0.04545,2.002200220022
1988,8,20,1988-08-20,-165.367085,63.828665,6427,20,10.6,0.04485558,0
1988,8,20,1988-08-20,-165.37083,63.66142,6428,20,12.2,0.04646984,0
1988,8,20,1988-08-20,-165.35958,63.500585,6429,20,11.8,0.04622266,0
1988,8,20,1988-08-20,-165.355085,63.33125,6430,18,11.9,0.0462365,0
1988,8,21,1988-08-21,-165.71925,63.1665,6431,24,10.3,0.02735245,8.29907375756102
1988,8,21,1988-08-21,-165.72108,63.33475,6432,24,7.8,0.04635952,40.1212091928476
1988,8,21,1988-08-21,-165.738415,63.50017,6433,26,8,0.04653,0
1988,8,21,1988-08-21,-165.73675,63.66742,6434,24,11.4,0.047923722,0
1988,8,21,1988-08-21,-165.746,63.8345,6435,24,9.6,0.04458704,0
1988,8,21,1988-08-21,-165.75208,64.001085,6436,22,5.6,0.04540315,0
1988,8,21,1988-08-21,-165.77125,64.166665,6437,22,9.5,0.04452,3.05480682839173
1988,8,21,1988-08-21,-165.769415,64.33167,6438,24,9.4,0.047859,0.940262019682818
1988,8,21,1988-08-21,-165.806835,64.4965,6440,20,10.8,0.0458587,0
1988,8,21,1988-08-21,-166.20117,64.33983,6442,27,9.2,0.0438216,0
1988,8,21,1988-08-21,-166.208915,64.16058,6443,24,9,0.04167,6.52747780177586
1988,8,21,1988-08-21,-166.1685,63.998415,6444,26,4.5,0.03955075,18.3561626517828
1988,8,21,1988-08-21,-166.14317,63.83392,6445,29,5.6,0.04192958,0
1988,8,22,1988-08-22,-166.129835,63.6675,6446,29,5.4,0.0401571,0
1988,8,22,1988-08-22,-166.10575,63.49717,6447,27,5.7,0.048807627,2.78644974892961
1988,8,22,1988-08-22,-166.08575,63.33175,6448,26,6.9,0.04064214,0
1988,8,22,1988-08-22,-166.090165,63.165415,6449,24,7.5,0.04479,0
1988,8,22,1988-08-22,-166.439,63.16258,6450,24,7.6,0.046621056,4.869044579342
1988,8,22,1988-08-22,-166.458,63.3305,6451,26,6.1,0.04575,0
1988,8,22,1988-08-22,-166.48025,63.50117,6452,27,5.3,0.046515789,0
1988,8,22,1988-08-22,-166.509165,63.666585,6453,29,3.9,0.048013182,0
1988,8,22,1988-08-22,-166.53058,63.83042,6454,33,4,0.04700128,0
1988,8,22,1988-08-22,-166.55692,63.99475,6455,33,3.6,0.04118345,0
1988,8,22,1988-08-22,-166.566585,64.16783,6456,29,4.4,0.04690604,3.85877810192461
1988,8,22,1988-08-22,-166.582335,64.335,6457,29,3.9,0.04600276,0
1988,8,23,1988-08-23,-166.54275,64.499585,6458,29,10.5,0.04272048,0
1988,8,23,1988-08-23,-166.93992,64.670335,6460,27,7,0.04468002,0
1988,8,23,1988-08-23,-166.914415,64.494415,6461,27,3.6,0.04758,0
1988,8,23,1988-08-23,-166.92,64.33308,6462,31,3.4,0.047929488,0
1988,8,23,1988-08-23,-167.30975,64.332085,6463,31,2.8,0.045353,0
1988,8,23,1988-08-23,-167.309415,64.167,6464,35,2.2,0.04742912,0
1988,8,23,1988-08-23,-166.903665,64.168665,6465,33,2.6,0.04426335,0
1988,8,23,1988-08-23,-166.898665,63.998165,6466,35,2.7,0.04641,0
1988,8,23,1988-08-23,-166.88008,63.832085,6467,33,2.4,0.0443486,3.06661315126069
1988,8,24,1988-08-24,-167.517915,63.005915,6468,35,1.7,0.0451773,0
1988,8,24,1988-08-24,-166.811,62.67242,6469,29,10,0.04571242,0
1988,8,24,1988-08-24,-167.457915,62.33808,6470,27,3.9,0.04540595,0
1988,8,24,1988-08-24,-166.89708,62.001,6471,26,10.9,0.04018468,0
1988,8,24,1988-08-24,-167.43383,61.66675,6472,26,10.4,0.0414029,0
1988,8,24,1988-08-24,-166.91367,61.331085,6473,20,11.6,0.04120896,0
1988,8,25,1988-08-25,-166.603335,60.67092,6474,20,11,0.0450341,4.01917657952529
1988,8,25,1988-08-25,-168.0185,60.66775,6475,29,9.5,0.04510341,0
1988,8,26,1988-08-26,-168.745665,61.002915,6476,38,8.5,0.04484502,0
1988,8,26,1988-08-26,-169.47425,61.334,6477,42,7.2,0.0439108,0
1988,8,25,1988-08-25,-170.21617,61.66917,6478,48,2.1,0.0448711,0
1988,8,26,1988-08-26,-169.562085,62.002415,6479,44,4.5,0.046461932,0
1988,8,26,1988-08-26,-170.283415,62.33642,6480,42,0.7,0.04760963,0
1988,8,26,1988-08-26,-169.60675,62.666335,6481,42,0.7,0.051438414,0
1988,8,26,1988-08-26,-170.514085,62.94075,6482,44,-0.9,0.047231736,0
1988,8,26,1988-08-26,-170.9775,62.664,6483,48,-1,0.048903,0
1988,8,27,1988-08-27,-171.77958,62.99975,6484,57,-1.3,0.047093589,0
1988,8,27,1988-08-27,-172.565915,63.33442,6485,66,-1.4,0.048988296,11.1046932516289
1988,8,27,1988-08-27,-173.294165,63.007665,6486,71,-1.5,0.045748104,0
1988,8,28,1988-08-28,-174.563,62.334585,6491,75,-1.6,0.047259531,58.5490363837932
1988,8,28,1988-08-28,-173.914915,62.66425,6492,73,-1.5,0.046097357,0
1988,8,28,1988-08-28,-172.41525,62.66242,6493,57,-1.6,0.053664138,0
1988,8,28,1988-08-28,-173.15208,62.33125,6494,62,-1.6,0.0510204,0
1988,8,29,1988-08-29,-173.0795,61.6655,6498,70,-1.2,0.047888944,0
1988,8,29,1988-08-29,-172.366335,62.000835,6499,59,-1.3,0.048212595,41.3999702774762
1988,8,29,1988-08-29,-171.68875,62.3295,6500,49,-1.1,0.049273099,0
1988,8,29,1988-08-29,-170.951665,61.993415,6501,51,1.4,0.045943615,0
1988,8,29,1988-08-29,-171.555835,61.65892,6502,59,-0.6,0.052689366,0
1988,8,29,1988-08-29,-172.2135,61.32892,6503,66,-0.2,0.048068328,0
1988,8,29,1988-08-29,-170.81525,61.33533,6504,51,0.6,0.046857591,16.4541109251647
1988,8,29,1988-08-29,-170.02225,60.99883,6505,49,2.5,0.047755246,0
1988,8,30,1988-08-30,-168.824835,61.668165,6506,37,7,0.047524092,0
1988,8,30,1988-08-30,-168.13033,61.33175,6507,31,9.5,0.05273376,0
1988,8,30,1988-08-30,-169.38725,60.66667,6508,44,5,0.045785975,0
1988,8,30,1988-08-30,-170.717585,60.67325,6509,60,1,0.043350408,0
1991,7,6,1991-07-06,-166.66525,60.656665,10340,18,8.4,0.04512445,467.418439449123
1991,7,6,1991-07-06,-167.32558,60.981585,10341,20,7.9,0.04444433,15.3000393976014
1991,7,15,1991-07-15,-169.4335,60.671415,10371,40,1.7,0.031472629,0
1991,7,15,1991-07-15,-170.116415,60.98958,10372,46,-0.6,0.048450188,0
1991,7,15,1991-07-15,-170.741165,60.668,10373,57,0,0.02383937,0
1991,7,27,1991-07-27,-172.170415,61.32925,10422,62,-1.3,0.05140017,3.52138913159237
1991,7,27,1991-07-27,-172.332585,61.99758,10423,53,-1.3,0.04761117,0
1991,7,28,1991-07-28,-172.41675,62.66608,10424,51,-1.1,0.048009359,1.89546375738947
1991,7,28,1991-07-28,-172.5955,63.3315,10425,62,-1.6,0.04900344,0
1991,7,28,1991-07-28,-173.22308,62.992415,10426,68,-1.6,0.047052304,0
1985,9,16,1985-09-16,-165.35217,64.33275,11326,22,8,0.036035927,0
1985,9,17,1985-09-17,-164.96175,64.33558,11327,31,8.1,0.036772159,0
1985,9,17,1985-09-17,-164.970665,64.16983,11328,15,8.2,0.021504165,0
1985,9,17,1985-09-17,-165.35283,64.16708,11329,15,7.7,0.035675076,1.26138483909607
1985,9,17,1985-09-17,-165.751835,64.166165,11330,16,7.5,0.037008805,1.21592685848678
1985,9,17,1985-09-17,-165.74792,64.332835,11331,18,8.2,0.035786134,25.3450121211752
1985,9,18,1985-09-18,-166.17,64.33325,11332,22,8.3,0.036035927,56.6379213721906
1985,9,19,1985-09-19,-165.75292,64.501,11333,16,8.3,0.022249002,173.311144472907
1985,9,19,1985-09-19,-166.54,64.333415,11334,24,8,0.035549488,0
1985,9,19,1985-09-19,-166.931835,64.331915,11335,27,6.9,0.037745037,73.3076510164767
1985,9,19,1985-09-19,-166.91825,64.160085,11336,29,7.7,0.036035927,0
1985,9,20,1985-09-20,-166.5265,64.16125,11337,26,7,0.036272573,0
1985,9,20,1985-09-20,-166.5205,63.99375,11338,27,6.5,0.033603732,20.2358476135924
1985,9,20,1985-09-20,-166.925,64.001915,11339,31,5,0.036035927,12.5985381200267
1985,9,20,1985-09-20,-166.896335,63.82833,11340,29,2,0.036272573,185.070962569984
1985,9,20,1985-09-20,-166.49942,63.83025,11341,27,3.5,0.036522366,18.6187280418799
1985,9,20,1985-09-20,-166.483,63.66642,11342,26,3.9,0.036035927,11.3220342576452
1985,9,21,1985-09-21,-166.464835,63.495585,11343,24,9,0.035549488,33.1650346131567
1985,9,21,1985-09-21,-166.449,63.3305,11344,22,6.4,0.035549488,179.918203041349
1985,9,21,1985-09-21,-166.41983,63.166915,11345,20,6.4,0.036272573,37.5214628419109
1985,9,21,1985-09-21,-166.07133,63.168585,11346,20,6.8,0.036522366,49.668195099956
1985,9,21,1985-09-21,-166.070835,63.337165,11347,20,7.2,0.037495244,120.975342899489
1985,9,21,1985-09-21,-166.08825,63.51075,11348,22,6.8,0.037008805,77.2248658123384
1985,9,21,1985-09-21,-166.09842,63.668835,11349,24,6.9,0.036035927,96.9310432891042
1985,9,21,1985-09-21,-166.11025,63.833,11350,24,6.8,0.037008805,34.3161580061826
1985,9,22,1985-09-22,-165.760165,63.829,11351,18,7.1,0.036772159,4.92220214755408
1985,9,22,1985-09-22,-165.736085,63.9995,11352,18,7.7,0.036522366,23.6019758413242
1985,9,22,1985-09-22,-166.15,64.00125,11353,20,7.6,0.036272573,56.268409743086
1985,9,22,1985-09-22,-166.157415,64.172335,11354,20,7.6,0.035549488,20.422235054412
1985,9,23,1985-09-23,-166.5755,64.4985,11355,22,7.7,0.035786134,93.8072830107885
1985,9,23,1985-09-23,-165.70825,63.665415,11356,20,6.8,0.037981683,126.587334215811
1985,9,24,1985-09-24,-165.723,63.49808,11357,20,7.1,0.035549488,44.6701229564825
1985,9,24,1985-09-24,-165.30783,63.511915,11358,15,7.2,0.038468122,3.53539483939455
1985,9,24,1985-09-24,-165.34025,63.66125,11359,15,7.3,0.022096831,0
1985,9,24,1985-09-24,-165.340835,63.83375,11360,15,7.2,0.036272573,10.0075613604803
1985,9,24,1985-09-24,-165.33225,63.999165,11361,15,7.7,0.022697506,15.9929465378267
1985,9,24,1985-09-24,-164.994335,63.995835,11363,15,7.7,0.020767337,26.1949810897757
1985,9,24,1985-09-24,-164.583415,64.0005,11364,16,7.9,0.021800498,2.0641730294418
1985,9,25,1985-09-25,-164.5735,64.171165,11365,13,7.9,0.021952669,24.7805859050669
1985,9,25,1985-09-25,-164.547,64.33333,11366,13,7.9,0.022841668,89.3542450577602
1985,9,25,1985-09-25,-164.199,64.33675,11367,11,7.8,0.021360003,95.552421036645
1985,9,25,1985-09-25,-163.76583,64.48225,11369,13,7.8,0.039441,1196.0650084937
1985,9,25,1985-09-25,-163.79725,64.337085,11370,15,8,0.034326817,204.82528281023
1985,9,25,1985-09-25,-163.406665,64.32992,11371,16,7.5,0.037981683,29.8564968803515
1985,9,26,1985-09-26,-163.020835,64.16558,11372,22,5.4,0.034813256,91.2008919820657
1985,9,26,1985-09-26,-163.426,64.16733,11373,16,5.6,0.034326817,26.4224906142623
1985,9,26,1985-09-26,-163.79675,64.16675,11374,18,7.4,0.035299695,0
1985,9,26,1985-09-26,-164.223585,64.168,11375,16,7.5,0.035299695,10.2833749696704
1985,9,26,1985-09-26,-164.21625,63.9975,11376,15,7.8,0.037745037,0
1985,9,26,1985-09-26,-163.83658,64.00825,11377,16,8,0.035549488,12.7709293590951
1985,9,27,1985-09-27,-163.44642,64.000085,11378,16,7.1,0.034813256,2.61394682531275
1985,9,27,1985-09-27,-163.079,64.00125,11379,16,7.1,0.03457661,0
1985,9,27,1985-09-27,-162.235665,64.50675,11380,9,7,0.021952669,16.5355747859178
1985,9,27,1985-09-27,-162.269585,64.3345,11381,16,6.8,0.028489549,6.35320692510787
1985,9,27,1985-09-27,-162.304,64.1685,11382,15,6.8,0.036272573,1.24060678022483
1985,9,27,1985-09-27,-162.344835,63.998165,11383,15,5.8,0.036035927,12.5985381200267
1985,9,27,1985-09-27,-162.3625,63.831085,11384,13,6.5,0.028398626,0
1985,9,28,1985-09-28,-161.47467,64.33842,11385,7,7.4,0.022096831,626.10787945113
1985,9,28,1985-09-28,-161.514,64.1625,11386,15,6.7,0.036272573,33.7720734616759
1985,9,28,1985-09-28,-161.552415,63.99725,11387,15,6.8,0.038717915,0
1985,9,28,1985-09-28,-161.558,63.833915,11388,13,5.2,0.036772159,0
1985,9,29,1985-09-29,-163.12975,63.834085,11389,15,7,0.038954561,0
1985,9,29,1985-09-29,-163.476085,63.83325,11390,15,7,0.035063049,0
1985,9,29,1985-09-29,-163.838585,63.83283,11391,15,7.6,0.038954561,0
1985,9,29,1985-09-29,-164.24133,63.83533,11392,15,7.5,0.041636549,0
1985,9,29,1985-09-29,-164.633415,63.83617,11393,13,7.5,0.048696488,0
1985,9,29,1985-09-29,-164.988665,63.83358,11394,15,7,0.036522366,0
1985,9,30,1985-09-30,-164.98083,63.669,11395,15,6.7,0.037008805,1.21592685848678
1985,9,30,1985-09-30,-164.59933,63.66625,11396,9,6.5,0.021207832,0
1985,9,30,1985-09-30,-164.970415,63.497165,11397,5,6.7,0.022841668,0
1985,9,30,1985-09-30,-165.339915,63.3285,11398,15,7.3,0.035549488,0
1985,9,30,1985-09-30,-165.707415,63.332585,11399,20,7,0.035549488,0
1985,9,30,1985-09-30,-165.706835,63.16075,11400,18,6.8,0.035063049,0
1985,10,1,1985-10-01,-165.69267,62.99917,11401,16,NA,0.035063049,0
1985,10,2,1985-10-02,-166.586335,64.65325,11403,15,7.5,0.036035927,12.5985381200267
1985,10,2,1985-10-02,-166.975335,64.496,11404,26,NA,0.035549488,21.6880760701814
1985,10,3,1985-10-03,-172.725,63.66117,11406,53,0.5,0.043859064,0
1985,10,3,1985-10-03,-173.23475,63.00225,11407,68,-1.6,0.011777986,0
1985,10,3,1985-10-03,-171.769,63.003835,11408,51,NA,0.044713933,55.7991621985031
1985,10,4,1985-10-04,-170.343335,62.980585,11409,37,NA,0.040319344,0
1985,10,4,1985-10-04,-170.28167,62.3295,11410,37,0.9,0.03921593,2.32048557818213
1985,10,4,1985-10-04,-171.788,62.33058,11411,46,-0.7,0.041139449,35.2702827886684
1985,10,5,1985-10-05,-173.166085,62.33525,11412,57,-1.2,0.045007567,3.0217141042083
1985,10,5,1985-10-05,-174.572165,62.331415,11413,68,-0.8,0.044403986,0
1985,10,6,1985-10-06,-173.073835,61.667085,11415,64,-0.8,0.044713933,35.5146571427747
1985,10,6,1985-10-06,-171.549,61.665835,11416,53,-0.7,0.043559092,0
1985,10,6,1985-10-06,-170.171335,61.664915,11417,44,1.5,0.042974936,8.4467839579796
1985,10,7,1985-10-07,-170.108915,60.99625,11418,46,3,0.040871051,0
1991,7,6,1991-07-06,-168.04075,60.681585,12256,27,6.7,0.0530728,1458.05384302317
1991,7,6,1991-07-06,-168.694335,60.98175,12257,35,4.1,0.04428132,23.5539500629159
1991,7,28,1991-07-28,-173.19233,62.35808,12318,71,-1.3,0.04824876,0
1991,7,28,1991-07-28,-174.0125,62.64125,12319,71,-1.5,0.0531576,0
1991,7,28,1991-07-28,-174.521415,62.338085,12320,71,-1.6,0.04912175,0
1991,8,17,1991-08-17,-170.785415,61.3585,12356,49,0.4,0.04571454,0
1991,8,17,1991-08-17,-171.47417,61.67317,12357,57,0.9,0.04022718,0
1991,8,18,1991-08-18,-171.07333,61.98692,12358,51,NA,0.04243941,0
1991,8,18,1991-08-18,-171.64483,62.329085,12359,48,0.3,0.03483828,0
1991,8,18,1991-08-18,-171.376835,62.66525,12360,48,0.7,0.04272288,0
1991,8,18,1991-08-18,-171.74875,63.06292,12361,57,-0.8,0.04238154,0
1991,8,19,1991-08-19,-170.326915,62.942335,12362,42,0.9,0.03568365,0
1991,8,19,1991-08-19,-169.822415,62.62117,12363,40,0.9,0.03928491,184.72741823769
1991,8,19,1991-08-19,-170.243665,62.3275,12364,40,0.9,0.037361775,2.43564445211717
1991,8,20,1991-08-20,-169.74975,61.9865,12365,44,-0.4,0.040197456,0
1991,8,20,1991-08-20,-170.091665,61.683335,12366,46,-0.4,0.025187121,0
1991,8,20,1991-08-20,-169.5,61.38425,12367,42,2.8,0.0393711,0
1991,8,20,1991-08-20,-168.254,61.394085,12368,31,6.5,0.0408096,121.147965184662
1991,8,20,1991-08-20,-168.76575,61.67125,12369,37,3.9,0.03715769,6.10909881642266
1991,8,21,1991-08-21,-168.228835,61.993165,12370,29,3.6,0.0365255,0
1991,8,21,1991-08-21,-168.768585,62.37233,12371,35,1.7,0.04190428,0
1991,8,21,1991-08-21,-168.30133,62.701165,12372,35,3,0.03365714,0
1991,8,21,1991-08-21,-168.799665,62.9665,12373,27,2.9,0.013284703,0
1991,8,22,1991-08-22,-166.4615,63.395,12374,27,3.6,0.03587596,0
1991,8,22,1991-08-22,-166.425165,63.51725,12375,27,3.7,0.03471528,0
1991,8,22,1991-08-22,-166.48033,63.641585,12376,27,3.9,0.03399423,0
1991,8,22,1991-08-22,-166.485585,63.84267,12377,31,3.3,0.0340458,0
1991,8,22,1991-08-22,-166.47225,64.010335,12378,31,4.1,0.03793614,0
1991,8,22,1991-08-22,-166.528165,64.15725,12379,27,4,0.03799035,0
1991,8,23,1991-08-23,-166.8015,64.21083,12380,31,3.1,0.04428873,0
1991,8,23,1991-08-23,-166.832665,64.349835,12381,29,4.2,0.03856672,0
1991,8,23,1991-08-23,-167.24392,64.413165,12382,29,2.1,0.034392092,0
1991,8,23,1991-08-23,-166.88925,64.501085,12383,27,3.6,0.0301924,0
1991,8,23,1991-08-23,-166.486415,64.313585,12385,27,3.6,0.031875465,4.26660442443742
1991,8,23,1991-08-23,-166.16017,64.337585,12386,31,3.1,0.018975782,7.16703005968344
1991,8,24,1991-08-24,-166.119835,64.142915,12387,24,4.5,0.03398708,0
1991,8,25,1991-08-25,-166.1145,64.006335,12388,26,3.3,0.03578423,0
1991,8,25,1991-08-25,-166.090415,63.814665,12389,27,2.8,0.03428731,0
1991,8,25,1991-08-25,-166.07575,63.633165,12390,27,3.2,0.035004345,0
1991,8,25,1991-08-25,-166.08025,63.45633,12391,26,3.7,0.03027198,0
1991,8,26,1991-08-26,-166.024665,63.34942,12392,24,3.1,0.03375605,0
1991,8,26,1991-08-26,-165.75108,63.37525,12393,24,4.9,0.034461975,0
1991,8,26,1991-08-26,-165.70483,63.521665,12394,24,4.5,0.037799075,0
1991,8,26,1991-08-26,-165.70642,63.69958,12395,24,3.9,0.040648445,0
1991,8,26,1991-08-26,-165.71858,63.84942,12396,22,4.1,0.0324612,0
1991,8,26,1991-08-26,-165.70958,64.036415,12397,20,3.7,0.037230095,0
1991,8,26,1991-08-26,-165.704915,64.1775,12398,20,3.9,0.03746883,0
1991,8,26,1991-08-26,-165.642585,64.3415,12399,20,4.7,0.040723165,1.10502216613075
1991,8,27,1991-08-27,-165.535,64.49692,12400,18,8.2,0.02140446,21.2105327581261
1991,8,27,1991-08-27,-165.375665,64.322915,12401,22,6.8,0.0352806,10.2889406642744
1991,8,28,1991-08-28,-165.369085,64.160835,12402,18,6.7,0.03522662,3.86071669663453
1991,8,28,1991-08-28,-165.3285,63.96425,12403,18,6.8,0.03383446,0
1991,8,28,1991-08-28,-165.297585,63.81592,12404,18,7.5,0.0326909,0
1991,8,28,1991-08-28,-165.232165,63.6365,12405,18,5.5,0.03706626,0
1991,8,28,1991-08-28,-165.275,63.510415,12406,18,5.9,0.03924352,2.31885417006426
1991,8,28,1991-08-28,-164.971165,63.665085,12407,16,8.6,0.03680852,0
1991,8,28,1991-08-28,-164.952585,63.84725,12408,16,10.2,0.03356496,2.71116068662081
1991,8,28,1991-08-28,-164.95575,63.99908,12409,16,8.4,0.03977756,3.4190131320272
1991,8,28,1991-08-28,-164.919585,64.183585,12410,16,7.1,0.0330481,4.11521388521579
1991,8,29,1991-08-29,-164.86875,64.323665,12411,16,7.4,0.03789124,41.9094228639654
1991,8,29,1991-08-29,-164.61975,64.387,12412,33,6.4,0.0373706,13.3527425302243
1991,8,29,1991-08-29,-164.244335,64.494,12413,24,7.1,0.03797426,0
1991,8,29,1991-08-29,-164.5325,64.16475,12415,16,NA,0.03346699,5.40831428222257
1991,8,29,1991-08-29,-164.168585,64.16867,12416,20,10.1,0.03676519,6.1743186965714
1991,8,29,1991-08-29,-163.809335,64.17858,12417,22,9.5,0.0348107,3.90684473452128
1991,8,30,1991-08-30,-163.84533,64.31675,12418,15,9.5,0.035326692,1.27382433656681
1991,8,30,1991-08-30,-163.45675,64.17233,12419,22,8.7,0.0345694,11.8023454268804
1991,8,30,1991-08-30,-163.154165,64.15725,12420,24,9.7,0.031381575,1.43396244452358
1991,8,30,1991-08-30,-163.181335,64.06775,12421,20,11,0.038159905,0
1991,8,30,1991-08-30,-163.4715,64.00175,12422,18,9.7,0.04144162,3.28172499048058
1991,8,30,1991-08-30,-163.81,63.99542,12423,16,11.3,0.03666369,16.0922154862208
1991,8,30,1991-08-30,-164.2935,63.98217,12424,16,10.9,0.03196752,17.0172725316196
1991,8,30,1991-08-30,-164.55708,63.947165,12425,16,9.9,0.03865454,1.16415820754819
1991,8,30,1991-08-30,-164.663415,63.83133,12426,16,NA,0.03881286,40.914274289501
